{"tgs":1,"v":"5.5.2","fr":60,"ip":0,"op":180,"w":512,"h":512,"nm":"_009_SIMP_4sec_OUT","ddd":0,"assets":[{"id":"comp_0","layers":[{"ddd":0,"ind":1,"ty":3,"nm":"NULL CONTROL","sr":1,"ks":{"o":{"a":0,"k":0},"p":{"a":1,"k":[{"i":{"x":0.64,"y":1},"o":{"x":0.36,"y":0},"t":0,"s":[234.547,470.994,0],"to":[2.5,0,0],"ti":[0,0,0]},{"i":{"x":0.64,"y":1},"o":{"x":0.36,"y":0},"t":91.199,"s":[249.547,470.994,0],"to":[0,0,0],"ti":[2.5,0,0]},{"t":180,"s":[234.547,470.994,0]}]},"a":{"a":0,"k":[60,60,0]}},"ao":0,"ip":-14,"op":190,"st":0,"bm":0},{"ddd":0,"ind":2,"ty":3,"nm":"ALL","parent":1,"sr":1,"ks":{"o":{"a":0,"k":0},"p":{"a":1,"k":[{"i":{"x":0.414,"y":0.414},"o":{"x":0.167,"y":0.167},"t":0,"s":[60,60,0],"to":[0,0,0],"ti":[0,0,0]},{"i":{"x":0.32,"y":1},"o":{"x":0.167,"y":0},"t":87.6,"s":[60,60,0],"to":[3.333,0,0],"ti":[0,0,0]},{"i":{"x":0.414,"y":1},"o":{"x":0.68,"y":0},"t":106.801,"s":[80,60,0],"to":[0,0,0],"ti":[3.333,0,0]},{"i":{"x":0.414,"y":0.414},"o":{"x":0.167,"y":0.167},"t":123.6,"s":[60,60,0],"to":[0,0,0],"ti":[0,0,0]},{"t":180,"s":[60,60,0]}]},"a":{"a":0,"k":[60,60,0]},"s":{"a":0,"k":[105,105,100]}},"ao":0,"ip":-14,"op":190,"st":0,"bm":0},{"ddd":0,"ind":3,"ty":4,"nm":"Shape Layer 42","sr":1,"ks":{"p":{"a":0,"k":[286.076,262.61,0]}},"ao":0,"shapes":[{"ty":"gr","it":[{"ind":0,"ty":"sh","ks":{"a":0,"k":{"i":[[0,0],[0,0]],"o":[[0,0],[0,0]],"v":[[-110,-27],[211,-114]],"c":false}},"nm":"Path 1","hd":false},{"ty":"st","c":{"a":0,"k":[1,1,1,1]},"o":{"a":0,"k":100},"w":{"a":0,"k":20},"lc":2,"lj":2,"bm":0,"nm":"Stroke 1","hd":false},{"ty":"tr","p":{"a":0,"k":[0,0]},"a":{"a":0,"k":[0,0]},"s":{"a":0,"k":[100,100]},"r":{"a":0,"k":0},"o":{"a":0,"k":100},"sk":{"a":0,"k":0},"sa":{"a":0,"k":0},"nm":"Transform"}],"nm":"Shape 1","bm":0,"hd":false},{"ty":"tm","s":{"a":1,"k":[{"i":{"x":[0.833],"y":[0.833]},"o":{"x":[0.167],"y":[0.167]},"t":116.586,"s":[0]},{"i":{"x":[0.833],"y":[0.833]},"o":{"x":[0.167],"y":[0.167]},"t":119.391,"s":[0]},{"t":125,"s":[100]}]},"e":{"a":1,"k":[{"i":{"x":[0.833],"y":[0.833]},"o":{"x":[0.167],"y":[0.167]},"t":116.586,"s":[0]},{"t":122.1953125,"s":[100]}]},"o":{"a":0,"k":0},"m":1,"nm":"Trim Paths 1","hd":false}],"ip":0,"op":180,"st":0,"bm":0},{"ddd":0,"ind":4,"ty":4,"nm":"Shape Layer 41","sr":1,"ks":{"p":{"a":0,"k":[238.963,274.984,0]}},"ao":0,"shapes":[{"ty":"gr","it":[{"ind":0,"ty":"sh","ks":{"a":0,"k":{"i":[[0,0],[0,0]],"o":[[0,0],[0,0]],"v":[[63,-73],[252,-125]],"c":false}},"nm":"Path 1","hd":false},{"ty":"st","c":{"a":0,"k":[1,1,1,1]},"o":{"a":0,"k":100},"w":{"a":0,"k":20},"lc":2,"lj":2,"bm":0,"nm":"Stroke 1","hd":false},{"ty":"tr","p":{"a":0,"k":[0,0]},"a":{"a":0,"k":[0,0]},"s":{"a":0,"k":[100,100]},"r":{"a":0,"k":0},"o":{"a":0,"k":100},"sk":{"a":0,"k":0},"sa":{"a":0,"k":0},"nm":"Transform"}],"nm":"Shape 1","bm":0,"hd":false},{"ty":"tm","s":{"a":1,"k":[{"i":{"x":[0.833],"y":[0.833]},"o":{"x":[0.167],"y":[0.167]},"t":118.283,"s":[0]},{"t":124.84765625,"s":[100]}]},"e":{"a":1,"k":[{"i":{"x":[0.833],"y":[0.833]},"o":{"x":[0.167],"y":[0.167]},"t":115,"s":[0]},{"t":121.564453125,"s":[100]}]},"o":{"a":0,"k":0},"m":1,"nm":"Trim Paths 1","hd":false}],"ip":0,"op":180,"st":0,"bm":0},{"ddd":0,"ind":5,"ty":4,"nm":"Shape Layer 40","sr":1,"ks":{"p":{"a":0,"k":[256,256,0]}},"ao":0,"shapes":[{"ty":"gr","it":[{"ind":0,"ty":"sh","ks":{"a":0,"k":{"i":[[0,0],[0,0]],"o":[[0,0],[0,0]],"v":[[28.816,-24.988],[234,-86]],"c":false}},"nm":"Path 1","hd":false},{"ty":"st","c":{"a":0,"k":[0.592156862745,0.745098039216,0.898039215686,1]},"o":{"a":0,"k":100},"w":{"a":0,"k":15},"lc":2,"lj":2,"bm":0,"nm":"Stroke 1","hd":false},{"ty":"tr","p":{"a":0,"k":[0,0]},"a":{"a":0,"k":[0,0]},"s":{"a":0,"k":[100,100]},"r":{"a":0,"k":0},"o":{"a":0,"k":100},"sk":{"a":0,"k":0},"sa":{"a":0,"k":0},"nm":"Transform"}],"nm":"Shape 1","bm":0,"hd":false},{"ty":"tm","s":{"a":1,"k":[{"i":{"x":[0.833],"y":[0.833]},"o":{"x":[0.167],"y":[0.167]},"t":115.895,"s":[0]},{"i":{"x":[0.833],"y":[0.833]},"o":{"x":[0.167],"y":[0.167]},"t":118.582,"s":[0]},{"t":123.953125,"s":[100]}]},"e":{"a":1,"k":[{"i":{"x":[0.833],"y":[0.833]},"o":{"x":[0.167],"y":[0.167]},"t":115.895,"s":[0]},{"t":121.265625,"s":[100]}]},"o":{"a":0,"k":0},"m":1,"nm":"Trim Paths 1","hd":false}],"ip":0,"op":180,"st":0,"bm":0},{"ddd":0,"ind":6,"ty":4,"nm":"Shape Layer 39","sr":1,"ks":{"p":{"a":0,"k":[256,256,0]}},"ao":0,"shapes":[{"ty":"gr","it":[{"ind":0,"ty":"sh","ks":{"a":0,"k":{"i":[[0,0],[0,0]],"o":[[0,0],[0,0]],"v":[[-110,-27],[211,-114]],"c":false}},"nm":"Path 1","hd":false},{"ty":"st","c":{"a":0,"k":[0.592156862745,0.745098039216,0.898039215686,1]},"o":{"a":0,"k":100},"w":{"a":0,"k":20},"lc":2,"lj":2,"bm":0,"nm":"Stroke 1","hd":false},{"ty":"tr","p":{"a":0,"k":[0,0]},"a":{"a":0,"k":[0,0]},"s":{"a":0,"k":[100,100]},"r":{"a":0,"k":0},"o":{"a":0,"k":100},"sk":{"a":0,"k":0},"sa":{"a":0,"k":0},"nm":"Transform"}],"nm":"Shape 1","bm":0,"hd":false},{"ty":"tm","s":{"a":1,"k":[{"i":{"x":[0.833],"y":[0.833]},"o":{"x":[0.167],"y":[0.167]},"t":115,"s":[0]},{"i":{"x":[0.833],"y":[0.833]},"o":{"x":[0.167],"y":[0.167]},"t":117.088,"s":[0]},{"t":121.265625,"s":[100]}]},"e":{"a":1,"k":[{"i":{"x":[0.833],"y":[0.833]},"o":{"x":[0.167],"y":[0.167]},"t":115,"s":[0]},{"t":119.177734375,"s":[100]}]},"o":{"a":0,"k":0},"m":1,"nm":"Trim Paths 1","hd":false}],"ip":0,"op":180,"st":0,"bm":0},{"ddd":0,"ind":7,"ty":4,"nm":"Shape Layer 38","sr":1,"ks":{"p":{"a":0,"k":[256,256,0]}},"ao":0,"shapes":[{"ty":"gr","it":[{"ind":0,"ty":"sh","ks":{"a":0,"k":{"i":[[0,0],[0,0]],"o":[[0,0],[0,0]],"v":[[-83,-63],[238,-150]],"c":false}},"nm":"Path 1","hd":false},{"ty":"st","c":{"a":0,"k":[0.592156862745,0.745098039216,0.898039215686,1]},"o":{"a":0,"k":100},"w":{"a":0,"k":12},"lc":2,"lj":2,"bm":0,"nm":"Stroke 1","hd":false},{"ty":"tr","p":{"a":0,"k":[0,0]},"a":{"a":0,"k":[0,0]},"s":{"a":0,"k":[100,100]},"r":{"a":0,"k":0},"o":{"a":0,"k":100},"sk":{"a":0,"k":0},"sa":{"a":0,"k":0},"nm":"Transform"}],"nm":"Shape 1","bm":0,"hd":false},{"ty":"tm","s":{"a":1,"k":[{"i":{"x":[0.833],"y":[0.833]},"o":{"x":[0.167],"y":[0.167]},"t":118.135,"s":[0]},{"i":{"x":[0.833],"y":[0.833]},"o":{"x":[0.167],"y":[0.167]},"t":120.371,"s":[0]},{"t":124.84765625,"s":[100]}]},"e":{"a":1,"k":[{"i":{"x":[0.833],"y":[0.833]},"o":{"x":[0.167],"y":[0.167]},"t":118.135,"s":[0]},{"t":122.609375,"s":[100]}]},"o":{"a":0,"k":0},"m":1,"nm":"Trim Paths 1","hd":false}],"ip":0,"op":180,"st":0,"bm":0},{"ddd":0,"ind":8,"ty":4,"nm":"Layer 3","parent":11,"sr":1,"ks":{"o":{"a":0,"k":33},"p":{"a":0,"k":[7.185,-13.486,0]}},"ao":0,"shapes":[{"ty":"gr","it":[{"ind":0,"ty":"sh","ks":{"a":1,"k":[{"i":{"x":0.833,"y":0.861},"o":{"x":0.333,"y":0},"t":64.801,"s":[{"i":[[0,0],[0,0]],"o":[[0,0],[0,0]],"v":[[-19.184,3.495],[7.09,-0.708]],"c":false}]},{"i":{"x":0.833,"y":0.861},"o":{"x":0.167,"y":0.139},"t":66,"s":[{"i":[[0,0],[0,0]],"o":[[0,0],[0,0]],"v":[[-5.638,6.971],[4.208,-9.48]],"c":false}]},{"i":{"x":0.667,"y":1},"o":{"x":0.167,"y":0.139},"t":68.4,"s":[{"i":[[0,0],[0,0]],"o":[[0,0],[0,0]],"v":[[-23.643,15.115],[34.089,-25.321]],"c":false}]},{"i":{"x":0.833,"y":0.833},"o":{"x":0.333,"y":0},"t":72,"s":[{"i":[[0,0],[0,0]],"o":[[0,0],[0,0]],"v":[[-30.746,17.279],[47.781,-32.011]],"c":false}]},{"i":{"x":0.32,"y":1},"o":{"x":0.167,"y":0.167},"t":84,"s":[{"i":[[0,0],[0,0]],"o":[[0,0],[0,0]],"v":[[-47.781,32.011],[47.781,-32.011]],"c":false}]},{"i":{"x":0.667,"y":1},"o":{"x":0.68,"y":0},"t":106.801,"s":[{"i":[[0,0],[0,0]],"o":[[0,0],[0,0]],"v":[[-38.534,26.961],[25.808,-17.695]],"c":false}]},{"t":123.599609375,"s":[{"i":[[0,0],[0,0]],"o":[[0,0],[0,0]],"v":[[-47.781,32.011],[47.781,-32.011]],"c":false}]}]},"nm":"Path 1","hd":false},{"ty":"st","c":{"a":0,"k":[0.525490224361,0.694117665291,0.768627464771,1]},"o":{"a":0,"k":100},"w":{"a":0,"k":7},"lc":2,"lj":2,"bm":0,"nm":"Stroke 1","hd":false},{"ty":"tr","p":{"a":0,"k":[0,0]},"a":{"a":0,"k":[0,0]},"s":{"a":0,"k":[100,100]},"r":{"a":0,"k":0},"o":{"a":0,"k":100},"sk":{"a":0,"k":0},"sa":{"a":0,"k":0},"nm":"Transform"}],"nm":"Group 1","bm":0,"hd":false}],"ip":65,"op":120,"st":10,"bm":0},{"ddd":0,"ind":9,"ty":4,"nm":"Shape Layer 37","parent":10,"sr":1,"ks":{},"ao":0,"shapes":[{"ty":"gr","it":[{"ind":0,"ty":"sh","ks":{"a":1,"k":[{"i":{"x":0.833,"y":0.861},"o":{"x":0.78,"y":0},"t":28.801,"s":[{"i":[[0,0],[0,0],[0,0],[0,0],[0,0],[0,0],[0,0],[0,0]],"o":[[0,0],[0,0],[0,0],[0,0],[0,0],[0,0],[0,0],[0,0]],"v":[[131,17],[79.876,28.798],[27,41],[32.644,103.08],[39,173],[95.22,157.538],[139.782,145.282],[135.272,79.398]],"c":true}]},{"i":{"x":0.22,"y":1},"o":{"x":0.167,"y":0.139},"t":43.199,"s":[{"i":[[0,0],[0,0],[0,0],[0,0],[0,0],[0,0],[0,0],[0,0]],"o":[[0,0],[0,0],[0,0],[0,0],[0,0],[0,0],[0,0],[0,0]],"v":[[86.5,90],[79.584,28.865],[87,90.5],[32.762,104.385],[39,173],[95.22,157.538],[139.782,145.282],[135.312,79.979]],"c":true}]},{"i":{"x":0.22,"y":1},"o":{"x":0.78,"y":0},"t":49.199,"s":[{"i":[[0,0],[0,0],[0,0],[0,0],[0,0],[0,0],[0,0],[0,0]],"o":[[0,0],[0,0],[0,0],[0,0],[0,0],[0,0],[0,0],[0,0]],"v":[[86.5,90],[79.584,28.865],[87,90.5],[32.762,104.385],[39,173],[95.22,157.538],[139.782,145.282],[135.312,79.979]],"c":true}]},{"i":{"x":0.833,"y":0.861},"o":{"x":0.78,"y":0},"t":57.6,"s":[{"i":[[0,0],[0,0],[0,0],[0,0],[0,0],[0,0],[0,0],[0,0]],"o":[[0,0],[0,0],[0,0],[0,0],[0,0],[0,0],[0,0],[0,0]],"v":[[94,134.5],[79.584,28.865],[94.5,135],[61.262,95.385],[39,173],[95.22,157.538],[139.782,145.282],[111.812,84.979]],"c":true}]},{"i":{"x":0.22,"y":1},"o":{"x":0.167,"y":0.139},"t":64.801,"s":[{"i":[[0,0],[0,0],[0,0],[0,0],[0,0],[0,0],[0,0],[0,0]],"o":[[0,0],[0,0],[0,0],[0,0],[0,0],[0,0],[0,0],[0,0]],"v":[[89.238,110.214],[89.584,77.437],[89.738,110.714],[35.072,110.623],[29.476,131.095],[85.696,115.633],[130.259,103.377],[135.145,82.598]],"c":true}]},{"t":72,"s":[{"i":[[0,0],[0,0],[0,0],[0,0],[0,0],[0,0],[0,0],[0,0]],"o":[[0,0],[0,0],[0,0],[0,0],[0,0],[0,0],[0,0],[0,0]],"v":[[92.519,106.82],[123.075,172.75],[92.746,106.196],[61.761,119.833],[16.332,79.474],[69.242,58.946],[115.827,43.016],[119.381,96.913]],"c":true}]}]},"nm":"Path 1","hd":false},{"ty":"st","c":{"a":0,"k":[0.525490196078,0.694117647059,0.768627510819,1]},"o":{"a":0,"k":100},"w":{"a":0,"k":9.31},"lc":2,"lj":2,"bm":0,"nm":"Stroke 1","hd":false},{"ty":"fl","c":{"a":0,"k":[1,1,1,1]},"o":{"a":0,"k":100},"r":1,"bm":0,"nm":"Fill 1","hd":false},{"ty":"tr","p":{"a":0,"k":[0,0]},"a":{"a":0,"k":[0,0]},"s":{"a":0,"k":[100,100]},"r":{"a":0,"k":0},"o":{"a":0,"k":100},"sk":{"a":0,"k":0},"sa":{"a":0,"k":0},"nm":"Transform"}],"nm":"Shape 1","bm":0,"hd":false}],"ip":-14,"op":65,"st":10,"bm":0},{"ddd":0,"ind":10,"ty":4,"nm":"Shape Layer 36","parent":2,"sr":1,"ks":{"r":{"a":1,"k":[{"i":{"x":[0.319],"y":[0.856]},"o":{"x":[0.956],"y":[0]},"t":49.199,"s":[0]},{"t":64.80078125,"s":[360]}]},"p":{"a":1,"k":[{"i":{"x":0.667,"y":1},"o":{"x":0.333,"y":0},"t":49.199,"s":[148.226,-55.561,0],"to":[0,0,0],"ti":[0,0,0]},{"i":{"x":0.667,"y":0.667},"o":{"x":0.333,"y":0.333},"t":57.6,"s":[172.726,-25.061,0],"to":[0,0,0],"ti":[0,0,0]},{"t":72,"s":[172.726,-25.061,0]}]},"a":{"a":0,"k":[91.772,109.433,0]},"s":{"a":1,"k":[{"i":{"x":[0.667,0.667,0.667],"y":[1,1,1]},"o":{"x":[0.333,0.333,0.333],"y":[0,0,0]},"t":12,"s":[0,0,100]},{"i":{"x":[0.667,0.667,0.667],"y":[1,1,1]},"o":{"x":[0.333,0.333,0.333],"y":[0,0,0]},"t":21,"s":[110,110,100]},{"t":26.400390625,"s":[100,100,100]}]}},"ao":0,"shapes":[{"ty":"gr","it":[{"ind":0,"ty":"sh","ks":{"a":1,"k":[{"i":{"x":0.22,"y":1},"o":{"x":0.167,"y":0},"t":43.199,"s":[{"i":[[0,0],[0,0],[0,0],[0,0],[0,0],[0,0]],"o":[[0,0],[0,0],[0,0],[0,0],[0,0],[0,0]],"v":[[79.584,28.865],[32.762,104.385],[39,173],[94.887,157.63],[139.782,145.282],[135.312,79.979]],"c":true}]},{"i":{"x":0.22,"y":1},"o":{"x":0.78,"y":0},"t":49.199,"s":[{"i":[[0,0],[0,0],[0,0],[0,0],[0,0],[0,0]],"o":[[0,0],[0,0],[0,0],[0,0],[0,0],[0,0]],"v":[[79.584,28.865],[32.762,104.385],[39,173],[94.887,157.63],[139.782,145.282],[135.312,79.979]],"c":true}]},{"i":{"x":0.833,"y":0.861},"o":{"x":0.78,"y":0},"t":57.6,"s":[{"i":[[0,0],[0,0],[0,0],[0,0],[0,0],[0,0]],"o":[[0,0],[0,0],[0,0],[0,0],[0,0],[0,0]],"v":[[79.584,28.865],[62.262,89.885],[39,173],[94.887,157.63],[139.782,145.282],[110.812,84.979]],"c":true}]},{"i":{"x":0.22,"y":1},"o":{"x":0.167,"y":0.139},"t":64.801,"s":[{"i":[[0,0],[0,0],[0,0],[0,0],[0,0],[0,0]],"o":[[0,0],[0,0],[0,0],[0,0],[0,0],[0,0]],"v":[[90.807,77.305],[35.548,112.668],[28.808,132.59],[84.978,117.499],[130.101,105.376],[134.311,82.341]],"c":true}]},{"t":72,"s":[{"i":[[0,0],[0,0],[0,0],[0,0],[0,0],[0,0]],"o":[[0,0],[0,0],[0,0],[0,0],[0,0],[0,0]],"v":[[124.642,173.466],[61.477,120.592],[18.52,79.474],[72.343,60.644],[115.58,45.517],[119.31,103.136]],"c":true}]}]},"nm":"Path 1","hd":false},{"ty":"st","c":{"a":0,"k":[0.525490196078,0.694117647059,0.768627510819,1]},"o":{"a":0,"k":100},"w":{"a":0,"k":9.31},"lc":2,"lj":2,"bm":0,"nm":"Stroke 1","hd":false},{"ty":"fl","c":{"a":0,"k":[1,1,1,1]},"o":{"a":0,"k":100},"r":1,"bm":0,"nm":"Fill 1","hd":false},{"ty":"tr","p":{"a":0,"k":[0,0]},"a":{"a":0,"k":[0,0]},"s":{"a":0,"k":[100,100]},"r":{"a":0,"k":0},"o":{"a":0,"k":100},"sk":{"a":0,"k":0},"sa":{"a":0,"k":0},"nm":"Transform"}],"nm":"Shape 1","bm":0,"hd":false}],"ip":-14,"op":72,"st":10,"bm":0},{"ddd":0,"ind":11,"ty":4,"nm":"Layer 2","parent":2,"sr":1,"ks":{"r":{"a":1,"k":[{"i":{"x":[0.833],"y":[0.833]},"o":{"x":[0.167],"y":[0]},"t":72,"s":[97.43]},{"i":{"x":[0.32],"y":[1]},"o":{"x":[0.167],"y":[0.167]},"t":84,"s":[72.339]},{"i":{"x":[1],"y":[1]},"o":{"x":[0.68],"y":[0]},"t":106.801,"s":[18.861]},{"t":123.6,"s":[11.001],"h":1},{"t":138,"s":[28.069],"h":1}]},"p":{"a":1,"k":[{"i":{"x":0.833,"y":0.833},"o":{"x":0.333,"y":0},"t":72,"s":[153.992,-41.151,0],"to":[0,0,0],"ti":[20.666,5.915,0]},{"i":{"x":0.32,"y":1},"o":{"x":0.167,"y":0.167},"t":84,"s":[32.777,-142.647,0],"to":[-39.991,-11.446,0],"ti":[41.991,-12.554,0]},{"i":{"x":1,"y":1},"o":{"x":0.68,"y":0},"t":106.801,"s":[-86.645,-145.325,0],"to":[80.405,-26.343,0],"ti":[-174.571,23.753,0]},{"t":123.6,"s":[481.525,-267.246,0],"h":1},{"t":138,"s":[481.525,-267.246,0],"h":1}]},"s":{"a":1,"k":[{"i":{"x":[0.667,0.667,0.667],"y":[1,1,1]},"o":{"x":[0.899,1,0.333],"y":[0,0,0]},"t":106.801,"s":[133,133,100]},{"t":123.599609375,"s":[183,93,100]}]}},"ao":0,"shapes":[{"ty":"gr","it":[{"ind":0,"ty":"sh","ks":{"a":1,"k":[{"i":{"x":0.833,"y":0.833},"o":{"x":0.333,"y":0},"t":72,"s":[{"i":[[0,0],[0,0],[0,0],[0,0]],"o":[[0,0],[0,0],[0,0],[0,0]],"v":[[54.966,-45.497],[-40.637,-27.208],[-22.944,5.608],[-3.7,45.028]],"c":true}]},{"i":{"x":0.32,"y":1},"o":{"x":0.167,"y":0.167},"t":84,"s":[{"i":[[0,0],[0,0],[0,0],[0,0]],"o":[[0,0],[0,0],[0,0],[0,0]],"v":[[54.966,-45.497],[-54.966,5.37],[-40.595,18.526],[-39.276,45.497]],"c":true}]},{"i":{"x":0.667,"y":1},"o":{"x":0.68,"y":0},"t":106.801,"s":[{"i":[[0,0],[0,0],[0,0],[0,0]],"o":[[0,0],[0,0],[0,0],[0,0]],"v":[[36.721,-32.454],[-19.681,-15.387],[-29.109,10.061],[-53.828,52.739]],"c":true}]},{"t":123.599609375,"s":[{"i":[[0,0],[0,0],[0,0],[0,0]],"o":[[0,0],[0,0],[0,0],[0,0]],"v":[[54.966,-45.497],[-54.966,5.37],[-40.595,18.526],[-39.276,45.497]],"c":true}]}]},"nm":"Path 1","hd":false},{"ty":"st","c":{"a":0,"k":[0.525490224361,0.694117665291,0.768627464771,1]},"o":{"a":0,"k":100},"w":{"a":0,"k":7},"lc":2,"lj":2,"bm":0,"nm":"Stroke 1","hd":false},{"ty":"fl","c":{"a":0,"k":[1,1,1,1]},"o":{"a":0,"k":100},"r":1,"bm":0,"nm":"Fill 1","hd":false},{"ty":"tr","p":{"a":0,"k":[0,0]},"a":{"a":0,"k":[0,0]},"s":{"a":0,"k":[100,100]},"r":{"a":0,"k":0},"o":{"a":0,"k":100},"sk":{"a":0,"k":0},"sa":{"a":0,"k":0},"nm":"Transform"}],"nm":"Group 1","bm":0,"hd":false}],"ip":72,"op":120,"st":10,"bm":0},{"ddd":0,"ind":12,"ty":4,"nm":"body_bl8","parent":13,"sr":1,"ks":{"r":{"a":0,"k":396.248},"p":{"a":0,"k":[-169.168,-260.612,0]},"a":{"a":0,"k":[30.7,-3.566,0]},"s":{"a":0,"k":[-84.589,88.008,100]}},"ao":0,"shapes":[{"ty":"gr","it":[{"ind":0,"ty":"sh","ks":{"a":1,"k":[{"i":{"x":0.833,"y":0.861},"o":{"x":0.167,"y":0},"t":12,"s":[{"i":[[0,0],[-11.145,0.138]],"o":[[15.309,-6.389],[0,0]],"v":[[-343.123,81.506],[-293.295,73.784]],"c":false}]},{"i":{"x":0.833,"y":0.861},"o":{"x":0.167,"y":0.139},"t":24,"s":[{"i":[[0,0],[-5.24,7.988]],"o":[[15.309,-6.389],[0,0]],"v":[[-341.551,85.714],[-312.523,61.938]],"c":false}]},{"i":{"x":0.833,"y":0.861},"o":{"x":0.167,"y":0.139},"t":32.4,"s":[{"i":[[0,0],[-5.24,7.988]],"o":[[15.309,-6.389],[0,0]],"v":[[-341.551,85.714],[-312.523,61.938]],"c":false}]},{"i":{"x":0.833,"y":0.861},"o":{"x":0.167,"y":0.139},"t":38.4,"s":[{"i":[[0,0],[2.61,8.952]],"o":[[4.244,-5.769],[0,0]],"v":[[-354.714,85.159],[-354.188,54.334]],"c":false}]},{"i":{"x":0.833,"y":0.861},"o":{"x":0.167,"y":0.139},"t":46.801,"s":[{"i":[[0,0],[-4.58,11.867]],"o":[[4.244,-5.769],[0,0]],"v":[[-357.6,95.718],[-344.726,67.119]],"c":false}]},{"i":{"x":0.833,"y":0.861},"o":{"x":0.167,"y":0.139},"t":51.6,"s":[{"i":[[0,0],[-4.58,11.867]],"o":[[4.244,-5.769],[0,0]],"v":[[-357.6,95.718],[-340.746,69.083]],"c":false}]},{"i":{"x":0.833,"y":0.861},"o":{"x":0.167,"y":0.139},"t":61.199,"s":[{"i":[[0,0],[-5.681,9.885]],"o":[[4.244,-5.769],[0,0]],"v":[[-348.92,87.37],[-333.868,64.683]],"c":false}]},{"i":{"x":0.833,"y":0.861},"o":{"x":0.167,"y":0.139},"t":68.4,"s":[{"i":[[0,0],[-4.58,11.867]],"o":[[4.244,-5.769],[0,0]],"v":[[-357.6,95.718],[-344.726,67.119]],"c":false}]},{"i":{"x":0.833,"y":0.833},"o":{"x":0.167,"y":0.139},"t":72,"s":[{"i":[[0,0],[-1.656,9.735]],"o":[[-4.026,-4.695],[0,0]],"v":[[-370.493,107.605],[-374.814,84.254]],"c":false}]},{"i":{"x":0.833,"y":0.833},"o":{"x":0.167,"y":0.167},"t":84,"s":[{"i":[[0,0],[15.198,-2.113]],"o":[[-4.026,-4.695],[0,0]],"v":[[-352.427,83.255],[-382.888,75.287]],"c":false}]},{"i":{"x":0.32,"y":1},"o":{"x":0.167,"y":0.167},"t":95.4,"s":[{"i":[[0,0],[14.223,-5.362]],"o":[[-5.792,-2.407],[0,0]],"v":[[-364.792,83.063],[-396.187,84.463]],"c":false}]},{"i":{"x":0.833,"y":0.833},"o":{"x":0.68,"y":0},"t":106.801,"s":[{"i":[[0,0],[13.851,-6.603]],"o":[[-6.467,-1.533],[0,0]],"v":[[-365.653,75.72],[-397.406,80.698]],"c":false}]},{"i":{"x":0.667,"y":1},"o":{"x":0.167,"y":0.167},"t":115.199,"s":[{"i":[[0,0],[10.488,-1.157]],"o":[[-5.317,-3.566],[0,0]],"v":[[-367.353,78.319],[-393.909,74.908]],"c":false}]},{"i":{"x":0.833,"y":0.833},"o":{"x":0.333,"y":0},"t":123.6,"s":[{"i":[[0,0],[1.684,13.098]],"o":[[-2.307,-8.886],[0,0]],"v":[[-379.608,79.695],[-387.639,37.973]],"c":false}]},{"i":{"x":0.242,"y":1},"o":{"x":0.167,"y":0.167},"t":133.801,"s":[{"i":[[0,0],[-8.183,3.13]],"o":[[5.483,-7.472],[0,0]],"v":[[-345.414,84.175],[-315.078,65.516]],"c":false}]},{"t":144,"s":[{"i":[[0,0],[-11.145,0.138]],"o":[[15.309,-6.389],[0,0]],"v":[[-343.123,81.506],[-293.295,73.784]],"c":false}]}]},"nm":"Path 1","hd":false},{"ty":"st","c":{"a":0,"k":[1,1,1,1]},"o":{"a":0,"k":100},"w":{"a":0,"k":8.333},"lc":2,"lj":2,"bm":0,"nm":"Stroke 1","hd":false},{"ty":"tr","p":{"a":0,"k":[35.688,48.14]},"a":{"a":0,"k":[0,0]},"s":{"a":0,"k":[100,100]},"r":{"a":0,"k":0},"o":{"a":0,"k":100},"sk":{"a":0,"k":0},"sa":{"a":0,"k":0},"nm":"Transform"}],"nm":"Group 1","bm":0,"hd":false},{"ty":"tm","s":{"a":1,"k":[{"i":{"x":[0.667],"y":[1]},"o":{"x":[0.333],"y":[0]},"t":0,"s":[5]},{"i":{"x":[0.667],"y":[1]},"o":{"x":[0.333],"y":[0]},"t":12,"s":[0]},{"i":{"x":[0.667],"y":[1]},"o":{"x":[0.333],"y":[0]},"t":24,"s":[5]},{"i":{"x":[0.667],"y":[1]},"o":{"x":[0.333],"y":[0]},"t":36,"s":[0]},{"i":{"x":[0.667],"y":[1]},"o":{"x":[0.333],"y":[0]},"t":48,"s":[5]},{"i":{"x":[0.667],"y":[1]},"o":{"x":[0.333],"y":[0]},"t":60,"s":[0]},{"i":{"x":[0.667],"y":[1]},"o":{"x":[0.333],"y":[0]},"t":72,"s":[5]},{"i":{"x":[0.667],"y":[1]},"o":{"x":[0.333],"y":[0]},"t":84,"s":[0]},{"i":{"x":[0.667],"y":[1]},"o":{"x":[0.333],"y":[0]},"t":96,"s":[5]},{"i":{"x":[0.667],"y":[1]},"o":{"x":[0.333],"y":[0]},"t":108,"s":[5]},{"i":{"x":[0.667],"y":[1]},"o":{"x":[0.333],"y":[0]},"t":120,"s":[0]},{"i":{"x":[0.667],"y":[1]},"o":{"x":[0.333],"y":[0]},"t":132,"s":[5]},{"i":{"x":[0.833],"y":[1]},"o":{"x":[0.333],"y":[0]},"t":144,"s":[0]},{"i":{"x":[0.667],"y":[1]},"o":{"x":[0.333],"y":[0]},"t":150,"s":[5]},{"i":{"x":[0.667],"y":[1]},"o":{"x":[0.333],"y":[0]},"t":156,"s":[5]},{"i":{"x":[0.833],"y":[1]},"o":{"x":[0.167],"y":[0]},"t":168,"s":[0]},{"t":190,"s":[5]}]},"e":{"a":1,"k":[{"i":{"x":[0.667],"y":[1]},"o":{"x":[0.333],"y":[0]},"t":0,"s":[100]},{"i":{"x":[0.667],"y":[1]},"o":{"x":[0.333],"y":[0]},"t":12,"s":[95]},{"i":{"x":[0.667],"y":[1]},"o":{"x":[0.333],"y":[0]},"t":24,"s":[100]},{"i":{"x":[0.667],"y":[1]},"o":{"x":[0.333],"y":[0]},"t":36,"s":[95]},{"i":{"x":[0.667],"y":[1]},"o":{"x":[0.333],"y":[0]},"t":48,"s":[100]},{"i":{"x":[0.667],"y":[1]},"o":{"x":[0.333],"y":[0]},"t":60,"s":[95]},{"i":{"x":[0.667],"y":[1]},"o":{"x":[0.333],"y":[0]},"t":72,"s":[100]},{"i":{"x":[0.667],"y":[1]},"o":{"x":[0.333],"y":[0]},"t":84,"s":[95]},{"i":{"x":[0.667],"y":[1]},"o":{"x":[0.333],"y":[0]},"t":96,"s":[100]},{"i":{"x":[0.667],"y":[1]},"o":{"x":[0.333],"y":[0]},"t":108,"s":[100]},{"i":{"x":[0.667],"y":[1]},"o":{"x":[0.333],"y":[0]},"t":120,"s":[95]},{"i":{"x":[0.667],"y":[1]},"o":{"x":[0.333],"y":[0]},"t":132,"s":[100]},{"i":{"x":[0.833],"y":[1]},"o":{"x":[0.333],"y":[0]},"t":144,"s":[95]},{"i":{"x":[0.667],"y":[1]},"o":{"x":[0.333],"y":[0]},"t":150,"s":[100]},{"i":{"x":[0.667],"y":[1]},"o":{"x":[0.333],"y":[0]},"t":156,"s":[100]},{"i":{"x":[0.833],"y":[1]},"o":{"x":[0.167],"y":[0]},"t":168,"s":[95]},{"t":190,"s":[100]}]},"o":{"a":0,"k":0},"m":1,"nm":"Trim Paths 1","hd":false}],"ip":-14,"op":242,"st":10,"bm":0},{"ddd":0,"ind":13,"ty":4,"nm":"wing_l","parent":30,"sr":1,"ks":{"r":{"a":1,"k":[{"i":{"x":[0.242],"y":[1]},"o":{"x":[0.167],"y":[0]},"t":12,"s":[136.816]},{"i":{"x":[0.242],"y":[1]},"o":{"x":[0.167],"y":[0]},"t":24,"s":[104.596]},{"i":{"x":[0.667],"y":[1]},"o":{"x":[0.167],"y":[0]},"t":32.4,"s":[104.596]},{"i":{"x":[0.242],"y":[1]},"o":{"x":[0.333],"y":[0]},"t":123.6,"s":[104.596]},{"t":144,"s":[136.816]}]},"p":{"a":1,"k":[{"i":{"x":0.242,"y":1},"o":{"x":0.167,"y":0},"t":12,"s":[-126.334,-39.397,0],"to":[0,0,0],"ti":[0,0,0]},{"i":{"x":0.242,"y":0.242},"o":{"x":0.167,"y":0.167},"t":24,"s":[-67.83,-0.181,0],"to":[0,0,0],"ti":[0,0,0]},{"i":{"x":0.242,"y":1},"o":{"x":0.167,"y":0},"t":32.4,"s":[-67.83,-0.181,0],"to":[0,0,0],"ti":[0,0,0]},{"i":{"x":0.833,"y":0.833},"o":{"x":0.195,"y":0},"t":72,"s":[-21.912,29.23,0],"to":[0,0,0],"ti":[0,0,0]},{"i":{"x":0.32,"y":1},"o":{"x":0.167,"y":0.167},"t":84,"s":[-83.136,-19.789,0],"to":[0,0,0],"ti":[0,0,0]},{"i":{"x":0.667,"y":1},"o":{"x":0.68,"y":0},"t":106.801,"s":[-137.797,-32.016,0],"to":[0,0,0],"ti":[0,0,0]},{"i":{"x":0.242,"y":1},"o":{"x":0.333,"y":0},"t":123.6,"s":[-34.616,-41.755,0],"to":[0,0,0],"ti":[0,0,0]},{"t":144,"s":[-126.334,-39.397,0]}]},"a":{"a":0,"k":[-16.559,39.475,0]},"s":{"a":0,"k":[-135,135,100]}},"ao":0,"shapes":[{"ty":"gr","it":[{"ind":0,"ty":"sh","ks":{"a":1,"k":[{"i":{"x":0.833,"y":0.861},"o":{"x":0.167,"y":0},"t":12,"s":[{"i":[[13.642,25.055],[8.129,16.31],[-15.02,-7.657],[-7.527,-13.867]],"o":[[-9.182,-16.863],[-12.033,-24.144],[9.365,4.774],[4.54,8.364]],"v":[[-31.921,19.958],[-52.286,-21.082],[-31.747,-35.323],[4.147,-2.221]],"c":false}]},{"i":{"x":0.833,"y":0.894},"o":{"x":0.167,"y":0.139},"t":24,"s":[{"i":[[7.192,27.299],[-10.042,12.935],[0.351,-15.145],[-12.061,-9.298]],"o":[[-11.921,-26.211],[14.866,-19.147],[-0.219,9.443],[7.537,5.81]],"v":[[-37.976,22.758],[-28.388,-36.562],[-8.857,-25.475],[6.86,10.894]],"c":false}]},{"i":{"x":0.833,"y":0.894},"o":{"x":0.167,"y":0.106},"t":32.4,"s":[{"i":[[7.192,27.299],[-10.042,12.935],[0.351,-15.145],[-12.061,-9.298]],"o":[[-11.921,-26.211],[14.866,-19.147],[-0.219,9.443],[7.537,5.81]],"v":[[-37.976,22.758],[-28.388,-36.562],[-8.857,-25.475],[6.86,10.894]],"c":false}]},{"i":{"x":0.833,"y":0.894},"o":{"x":0.167,"y":0.106},"t":38.4,"s":[{"i":[[3.249,27.192],[-16.221,1.025],[11.499,-9.688],[1.796,-9.432]],"o":[[4.653,-23.755],[24.012,-1.518],[-7.17,6.04],[6.403,6.593]],"v":[[-35.55,21.448],[20.425,-31.175],[25.007,-9.36],[5.682,20.275]],"c":false}]},{"i":{"x":0.833,"y":0.894},"o":{"x":0.167,"y":0.106},"t":46.801,"s":[{"i":[[1.733,27.151],[-12.661,10.112],[3.852,-14.486],[1.694,-10.242]],"o":[[6.602,-21.333],[18.742,-14.968],[-2.402,9.032],[5.967,6.894]],"v":[[-34.617,20.944],[-3.695,-26.674],[12.52,-11.479],[5.229,23.884]],"c":false}]},{"i":{"x":0.833,"y":0.894},"o":{"x":0.167,"y":0.106},"t":51.6,"s":[{"i":[[5.069,27.241],[-12.811,10.188],[3.921,-14.626],[-1.372,-9.025]],"o":[[2.314,-26.66],[18.963,-15.082],[-2.445,9.119],[6.927,6.232]],"v":[[-36.67,22.052],[-7.372,-30.659],[8.975,-15.275],[6.226,15.946]],"c":false}]},{"i":{"x":0.833,"y":0.894},"o":{"x":0.167,"y":0.106},"t":61.199,"s":[{"i":[[3.249,27.192],[-4.415,15.643],[-5.324,-14.062],[1.796,-9.432]],"o":[[4.653,-23.755],[6.535,-23.156],[3.319,8.768],[6.403,6.593]],"v":[[-35.55,21.448],[-21.606,-33.919],[0.494,-31.002],[5.682,20.275]],"c":false}]},{"i":{"x":0.833,"y":0.861},"o":{"x":0.167,"y":0.106},"t":68.4,"s":[{"i":[[1.733,27.151],[-12.661,10.112],[3.852,-14.486],[1.694,-10.242]],"o":[[6.602,-21.333],[18.742,-14.968],[-2.402,9.032],[5.967,6.894]],"v":[[-34.617,20.944],[-3.695,-26.674],[12.52,-11.479],[5.229,23.884]],"c":false}]},{"i":{"x":0.833,"y":0.833},"o":{"x":0.167,"y":0.139},"t":72,"s":[{"i":[[-7.971,26.888],[-8.56,13.999],[-1.337,-15.121],[21.33,-11.942]],"o":[[19.076,-5.837],[12.671,-20.722],[0.833,9.428],[3.177,8.822]],"v":[[-28.644,17.719],[15.342,-12.742],[36.025,-3.876],[2.33,46.976]],"c":false}]},{"i":{"x":0.32,"y":1},"o":{"x":0.167,"y":0.167},"t":84,"s":[{"i":[[-9.664,26.842],[-10.047,-15.204],[15.837,5.779],[-4.513,-15.119]],"o":[[13.102,-36.39],[14.872,22.507],[-9.874,-3.603],[2.722,9.119]],"v":[[-28.644,17.719],[33.177,16.194],[14.516,32.82],[2.237,50.868]],"c":false}]},{"i":{"x":0.667,"y":1},"o":{"x":0.68,"y":0},"t":106.801,"s":[{"i":[[-26.99,-9.24],[5.458,-14.594],[3.971,13.856],[17.524,4.943]],"o":[[41.453,14.192],[-8.079,21.603],[-2.476,-8.639],[-9.159,-2.584]],"v":[[-0.381,-5.986],[41.439,55.287],[20.558,50.75],[-11.806,30.685]],"c":false}]},{"i":{"x":0.833,"y":0.833},"o":{"x":0.333,"y":0},"t":123.6,"s":[{"i":[[-22.732,17.237],[-17.696,4.356],[10.763,-12.976],[8.844,-6.582]],"o":[[29.547,-22.404],[26.195,-6.447],[-6.711,8.09],[-7.634,5.682]],"v":[[-28.644,17.719],[46.986,-25.516],[56.378,-2.355],[2.237,50.868]],"c":false}]},{"i":{"x":0.242,"y":1},"o":{"x":0.167,"y":0.167},"t":133.801,"s":[{"i":[[6.363,26.184],[2.629,15.26],[-11.002,-10.006],[1.287,-15.383]],"o":[[-0.291,-20.432],[-3.891,-22.589],[6.86,6.239],[2.098,8.722]],"v":[[-37.615,19.321],[-35.432,-27.469],[-13.633,-33.781],[4.698,8.729]],"c":false}]},{"t":144,"s":[{"i":[[13.642,25.055],[8.129,16.31],[-15.02,-7.657],[-7.527,-13.867]],"o":[[-9.182,-16.863],[-12.033,-24.144],[9.365,4.774],[4.54,8.364]],"v":[[-31.921,19.958],[-52.286,-21.082],[-31.747,-35.323],[4.147,-2.221]],"c":false}]}]},"nm":"Path 1","hd":false},{"ty":"st","c":{"a":0,"k":[0.980392156863,0.564705882353,0.086274509804,1]},"o":{"a":0,"k":100},"w":{"a":0,"k":7.407},"lc":2,"lj":2,"bm":0,"nm":"Stroke 1","hd":false},{"ty":"fl","c":{"a":0,"k":[0.99609375,0.84765625,0.12890625,1]},"o":{"a":0,"k":100},"r":1,"bm":0,"nm":"Fill 1","hd":false},{"ty":"tr","p":{"a":0,"k":[0,0]},"a":{"a":0,"k":[0,0]},"s":{"a":0,"k":[100,100]},"r":{"a":0,"k":0},"o":{"a":0,"k":100},"sk":{"a":0,"k":0},"sa":{"a":0,"k":0},"nm":"Transform"}],"nm":"Group 1","bm":0,"hd":false}],"ip":-14,"op":243,"st":10,"bm":0},{"ddd":0,"ind":14,"ty":4,"nm":"plane","parent":11,"sr":1,"ks":{"p":{"a":0,"k":[11.297,0.681,0]}},"ao":0,"shapes":[{"ty":"gr","it":[{"ind":0,"ty":"sh","ks":{"a":1,"k":[{"i":{"x":0.833,"y":0.833},"o":{"x":0.333,"y":0},"t":72,"s":[{"i":[[0,0],[0,0],[0,0]],"o":[[0,0],[0,0],[0,0]],"v":[[-35.694,2.891],[43.669,-46.178],[-26.585,18.868]],"c":true}]},{"i":{"x":0.32,"y":1},"o":{"x":0.167,"y":0.167},"t":84,"s":[{"i":[[0,0],[0,0],[0,0]],"o":[[0,0],[0,0],[0,0]],"v":[[-43.669,20.233],[43.669,-46.178],[-15.062,46.178]],"c":true}]},{"i":{"x":0.667,"y":1},"o":{"x":0.68,"y":0},"t":106.801,"s":[{"i":[[0,0],[0,0],[0,0]],"o":[[0,0],[0,0],[0,0]],"v":[[-43.669,20.233],[15.31,-22.869],[-15.062,46.178]],"c":true}]},{"t":123.599609375,"s":[{"i":[[0,0],[0,0],[0,0]],"o":[[0,0],[0,0],[0,0]],"v":[[-43.669,20.233],[43.669,-46.178],[-15.062,46.178]],"c":true}]}]},"nm":"Path 1","hd":false},{"ty":"st","c":{"a":0,"k":[0.525490224361,0.694117665291,0.768627464771,1]},"o":{"a":0,"k":100},"w":{"a":0,"k":7},"lc":2,"lj":2,"bm":0,"nm":"Stroke 1","hd":false},{"ty":"fl","c":{"a":0,"k":[1,1,1,1]},"o":{"a":0,"k":100},"r":1,"bm":0,"nm":"Fill 1","hd":false},{"ty":"tr","p":{"a":0,"k":[0,0]},"a":{"a":0,"k":[0,0]},"s":{"a":0,"k":[100,100]},"r":{"a":0,"k":0},"o":{"a":0,"k":100},"sk":{"a":0,"k":0},"sa":{"a":0,"k":0},"nm":"Transform"}],"nm":"Group 1","bm":0,"hd":false}],"ip":72,"op":120,"st":10,"bm":0},{"ddd":0,"ind":15,"ty":4,"nm":"Shape Layer 35","sr":1,"ks":{"p":{"a":0,"k":[256,256,0]}},"ao":0,"shapes":[],"ip":-14,"op":244,"st":10,"bm":0},{"ddd":0,"ind":16,"ty":4,"nm":"mouth","parent":18,"sr":1,"ks":{"p":{"a":0,"k":[0,14.621,0]}},"ao":0,"shapes":[{"ty":"gr","it":[{"ind":0,"ty":"sh","ks":{"a":1,"k":[{"i":{"x":0.833,"y":1},"o":{"x":0.167,"y":0},"t":7.199,"s":[{"i":[[-15.485,-5.49],[-18.788,13.617]],"o":[[36.23,12.844],[14.489,-10.501]],"v":[[-43.635,-2.639],[67.485,-15.88]],"c":false}]},{"i":{"x":0.667,"y":1},"o":{"x":0.167,"y":0},"t":19.199,"s":[{"i":[[-15.485,-5.49],[-18.788,13.617]],"o":[[36.23,12.844],[14.489,-10.501]],"v":[[-40.03,-3.107],[67.485,-15.88]],"c":false}]},{"i":{"x":0.242,"y":1},"o":{"x":0.333,"y":0},"t":123.6,"s":[{"i":[[-15.485,-5.49],[-18.788,13.617]],"o":[[36.23,12.844],[14.489,-10.501]],"v":[[-40.03,-3.107],[67.485,-15.88]],"c":false}]},{"t":144,"s":[{"i":[[-15.485,-5.49],[-18.788,13.617]],"o":[[36.23,12.844],[14.489,-10.501]],"v":[[-43.635,-2.639],[67.485,-15.88]],"c":false}]}]},"nm":"Path 1","hd":false},{"ty":"st","c":{"a":0,"k":[0.490196078431,0.035294117647,0.035294117647,1]},"o":{"a":0,"k":100},"w":{"a":0,"k":7.2},"lc":2,"lj":2,"bm":0,"nm":"Stroke 1","hd":false},{"ty":"tr","p":{"a":0,"k":[0,0]},"a":{"a":0,"k":[0,0]},"s":{"a":0,"k":[100,100]},"r":{"a":0,"k":0},"o":{"a":0,"k":100},"sk":{"a":0,"k":0},"sa":{"a":0,"k":0},"nm":"Transform"}],"nm":"Group 1","bm":0,"hd":false}],"ip":-14,"op":244,"st":10,"bm":0},{"ddd":0,"ind":17,"ty":4,"nm":"beak_bl","parent":18,"sr":1,"ks":{"r":{"a":0,"k":11.894},"p":{"a":0,"k":[16.33,2.196,0]},"a":{"a":0,"k":[24.706,21.598,0]},"s":{"a":0,"k":[108.675,108.675,100]}},"ao":0,"shapes":[{"ty":"gr","it":[{"ind":0,"ty":"sh","ks":{"a":0,"k":{"i":[[0,0],[9.529,12.852]],"o":[[-10.575,1.56],[0,0]],"v":[[31.846,-15.21],[-9.151,-31.298]],"c":false}},"nm":"Path 1","hd":false},{"ty":"st","c":{"a":0,"k":[1,0.705882352941,0.517647058824,1]},"o":{"a":0,"k":100},"w":{"a":0,"k":8},"lc":2,"lj":2,"bm":0,"nm":"Stroke 1","hd":false},{"ty":"tr","p":{"a":0,"k":[24.706,22.107]},"a":{"a":0,"k":[0,0]},"s":{"a":0,"k":[100,100]},"r":{"a":0,"k":0},"o":{"a":0,"k":100},"sk":{"a":0,"k":0},"sa":{"a":0,"k":0},"nm":"Transform"}],"nm":"Group 1","bm":0,"hd":false},{"ty":"tm","s":{"a":1,"k":[{"i":{"x":[0.667],"y":[1]},"o":{"x":[0.333],"y":[0]},"t":0,"s":[0]},{"i":{"x":[0.667],"y":[1]},"o":{"x":[0.333],"y":[0]},"t":12,"s":[5]},{"i":{"x":[0.667],"y":[1]},"o":{"x":[0.333],"y":[0]},"t":24,"s":[0]},{"i":{"x":[0.667],"y":[1]},"o":{"x":[0.333],"y":[0]},"t":36,"s":[5]},{"i":{"x":[0.667],"y":[1]},"o":{"x":[0.333],"y":[0]},"t":48,"s":[0]},{"i":{"x":[0.667],"y":[1]},"o":{"x":[0.333],"y":[0]},"t":60,"s":[5]},{"i":{"x":[0.667],"y":[1]},"o":{"x":[0.333],"y":[0]},"t":72,"s":[0]},{"i":{"x":[0.667],"y":[1]},"o":{"x":[0.333],"y":[0]},"t":84,"s":[5]},{"i":{"x":[0.667],"y":[1]},"o":{"x":[0.333],"y":[0]},"t":96,"s":[0]},{"i":{"x":[0.667],"y":[1]},"o":{"x":[0.333],"y":[0]},"t":108,"s":[5]},{"i":{"x":[0.667],"y":[1]},"o":{"x":[0.333],"y":[0]},"t":120,"s":[5]},{"i":{"x":[0.667],"y":[1]},"o":{"x":[0.333],"y":[0]},"t":132,"s":[0]},{"i":{"x":[0.833],"y":[1]},"o":{"x":[0.333],"y":[0]},"t":144,"s":[5]},{"i":{"x":[0.667],"y":[1]},"o":{"x":[0.333],"y":[0]},"t":150,"s":[0]},{"i":{"x":[0.667],"y":[1]},"o":{"x":[0.333],"y":[0]},"t":156,"s":[0]},{"i":{"x":[0.667],"y":[1]},"o":{"x":[0.333],"y":[0]},"t":168,"s":[5]},{"t":190,"s":[0]}]},"e":{"a":1,"k":[{"i":{"x":[0.667],"y":[1]},"o":{"x":[0.333],"y":[0]},"t":0,"s":[95]},{"i":{"x":[0.667],"y":[1]},"o":{"x":[0.333],"y":[0]},"t":12,"s":[100]},{"i":{"x":[0.667],"y":[1]},"o":{"x":[0.333],"y":[0]},"t":24,"s":[95]},{"i":{"x":[0.667],"y":[1]},"o":{"x":[0.333],"y":[0]},"t":36,"s":[100]},{"i":{"x":[0.667],"y":[1]},"o":{"x":[0.333],"y":[0]},"t":48,"s":[95]},{"i":{"x":[0.667],"y":[1]},"o":{"x":[0.333],"y":[0]},"t":60,"s":[100]},{"i":{"x":[0.667],"y":[1]},"o":{"x":[0.333],"y":[0]},"t":72,"s":[95]},{"i":{"x":[0.667],"y":[1]},"o":{"x":[0.333],"y":[0]},"t":84,"s":[100]},{"i":{"x":[0.667],"y":[1]},"o":{"x":[0.333],"y":[0]},"t":96,"s":[95]},{"i":{"x":[0.667],"y":[1]},"o":{"x":[0.333],"y":[0]},"t":108,"s":[100]},{"i":{"x":[0.667],"y":[1]},"o":{"x":[0.333],"y":[0]},"t":120,"s":[100]},{"i":{"x":[0.667],"y":[1]},"o":{"x":[0.333],"y":[0]},"t":132,"s":[95]},{"i":{"x":[0.833],"y":[1]},"o":{"x":[0.333],"y":[0]},"t":144,"s":[100]},{"i":{"x":[0.667],"y":[1]},"o":{"x":[0.333],"y":[0]},"t":150,"s":[95]},{"i":{"x":[0.667],"y":[1]},"o":{"x":[0.333],"y":[0]},"t":156,"s":[95]},{"i":{"x":[0.667],"y":[1]},"o":{"x":[0.333],"y":[0]},"t":168,"s":[100]},{"t":190,"s":[95]}]},"o":{"a":0,"k":0},"m":1,"nm":"Trim Paths 1","hd":false}],"ip":-14,"op":243,"st":10,"bm":0},{"ddd":0,"ind":18,"ty":4,"nm":"beak","parent":25,"sr":1,"ks":{"r":{"a":1,"k":[{"i":{"x":[0.833],"y":[1]},"o":{"x":[0.368],"y":[0]},"t":0,"s":[22.466]},{"i":{"x":[0.667],"y":[1]},"o":{"x":[0.167],"y":[0]},"t":28.801,"s":[17.466]},{"i":{"x":[0.667],"y":[1]},"o":{"x":[0.333],"y":[0]},"t":36,"s":[3.03]},{"i":{"x":[0.667],"y":[1]},"o":{"x":[0.333],"y":[0]},"t":52.801,"s":[3.03]},{"i":{"x":[0.667],"y":[1]},"o":{"x":[0.333],"y":[0]},"t":60,"s":[19.695]},{"i":{"x":[0.667],"y":[1]},"o":{"x":[0.333],"y":[0]},"t":72,"s":[19.695]},{"i":{"x":[0.833],"y":[1]},"o":{"x":[0.333],"y":[0]},"t":81.6,"s":[9.895]},{"i":{"x":[0.667],"y":[1]},"o":{"x":[0.167],"y":[0]},"t":87.6,"s":[9.895]},{"i":{"x":[0.667],"y":[1]},"o":{"x":[0.333],"y":[0]},"t":123.6,"s":[9.895]},{"i":{"x":[0.51],"y":[1]},"o":{"x":[0.333],"y":[0]},"t":144,"s":[13]},{"t":180,"s":[22.466]}]},"p":{"a":1,"k":[{"i":{"x":0.657,"y":1},"o":{"x":0.167,"y":0},"t":12,"s":[-13.846,82.237,0],"to":[0,0,0],"ti":[0,0,0]},{"i":{"x":0.657,"y":0.657},"o":{"x":0.355,"y":0.355},"t":24,"s":[20.753,100.721,0],"to":[0,0,0],"ti":[0,0,0]},{"i":{"x":0.833,"y":1},"o":{"x":0.355,"y":0},"t":72,"s":[20.753,100.721,0],"to":[0,0,0],"ti":[0,0,0]},{"i":{"x":0.833,"y":0.833},"o":{"x":0.323,"y":0.323},"t":81.6,"s":[52.479,78.153,0],"to":[0,0,0],"ti":[0,0,0]},{"i":{"x":0.32,"y":1},"o":{"x":0.323,"y":0},"t":87.6,"s":[52.479,78.153,0],"to":[0,0,0],"ti":[0,0,0]},{"i":{"x":0.667,"y":1},"o":{"x":0.68,"y":0},"t":106.801,"s":[-13.694,61.468,0],"to":[0,0,0],"ti":[0,0,0]},{"i":{"x":0.242,"y":1},"o":{"x":0.333,"y":0},"t":123.6,"s":[54.872,76.851,0],"to":[0,0,0],"ti":[0,0,0]},{"t":144,"s":[-13.846,82.237,0]}]}},"ao":0,"shapes":[{"ty":"gr","it":[{"ind":0,"ty":"sh","ks":{"a":1,"k":[{"i":{"x":0.657,"y":1},"o":{"x":0.68,"y":0},"t":12,"s":[{"i":[[-24.132,17.274],[2.117,9.958],[5.946,0.441],[25.457,0],[19.361,-4.647],[1.737,-5.803],[-7.803,-5.742]],"o":[[5.977,-4.278],[-2.456,-11.555],[-35.856,-2.661],[-25.457,0],[-7.995,1.919],[-1.74,5.812],[30.52,22.46]],"v":[[70.148,14.757],[82.755,-4.875],[65.493,-14.48],[5.821,-42.893],[-48.957,-3.186],[-63.44,3.969],[-55.304,22.087]],"c":true}]},{"i":{"x":0.657,"y":1},"o":{"x":0.355,"y":0},"t":24,"s":[{"i":[[-19.234,22.602],[7.049,0.755],[6.735,0.711],[25.457,0],[24.476,-10.56],[1.472,-6.113],[-8.412,-5.509]],"o":[[6.214,-7.302],[3.742,-4.481],[-35.756,-3.772],[-25.457,0],[-7.549,3.257],[-1.474,6.122],[32.905,21.547]],"v":[[65.928,13.966],[66.421,-0.955],[61.699,-14.422],[5.821,-42.893],[-46.839,-8.082],[-61.315,6.839],[-51.855,25.155]],"c":true}]},{"i":{"x":0.833,"y":1},"o":{"x":0.355,"y":0},"t":72,"s":[{"i":[[-19.234,22.602],[7.049,0.755],[6.735,0.711],[25.457,0],[24.476,-10.56],[1.472,-6.113],[-8.412,-5.509]],"o":[[6.214,-7.302],[3.742,-4.481],[-35.756,-3.772],[-25.457,0],[-7.549,3.257],[-1.474,6.122],[32.905,21.547]],"v":[[65.928,13.966],[66.421,-0.955],[61.699,-14.422],[5.821,-42.893],[-46.839,-8.082],[-61.315,6.839],[-51.855,25.155]],"c":true}]},{"i":{"x":0.833,"y":1},"o":{"x":0.323,"y":0},"t":81.6,"s":[{"i":[[-19.234,22.602],[7.049,0.755],[6.735,0.711],[25.457,0],[24.476,-10.56],[1.472,-6.113],[-8.412,-5.509]],"o":[[6.214,-7.302],[3.742,-4.481],[-35.756,-3.772],[-25.457,0],[-7.549,3.257],[-1.474,6.122],[32.905,21.547]],"v":[[65.928,13.966],[66.421,-0.955],[61.699,-14.422],[5.821,-42.893],[-46.839,-8.082],[-61.315,6.839],[-51.855,25.155]],"c":true}]},{"i":{"x":0.32,"y":1},"o":{"x":0.323,"y":0},"t":87.6,"s":[{"i":[[-19.234,22.602],[7.049,0.755],[6.735,0.711],[25.457,0],[24.476,-10.56],[1.472,-6.113],[-8.412,-5.509]],"o":[[6.214,-7.302],[3.742,-4.481],[-35.756,-3.772],[-25.457,0],[-7.549,3.257],[-1.474,6.122],[32.905,21.547]],"v":[[65.928,13.966],[66.421,-0.955],[61.699,-14.422],[5.821,-42.893],[-46.839,-8.082],[-61.315,6.839],[-51.855,25.155]],"c":true}]},{"i":{"x":0.667,"y":1},"o":{"x":0.68,"y":0},"t":106.801,"s":[{"i":[[-24.132,17.274],[2.117,9.958],[5.946,0.441],[25.457,0],[19.361,-4.647],[1.737,-5.803],[-7.803,-5.742]],"o":[[5.977,-4.278],[-2.456,-11.555],[-35.856,-2.661],[-25.457,0],[-7.995,1.919],[-1.74,5.812],[30.52,22.46]],"v":[[70.148,14.757],[82.755,-4.875],[65.493,-14.48],[5.821,-42.893],[-44.161,-2.825],[-58.643,4.33],[-50.508,22.448]],"c":true}]},{"i":{"x":0.32,"y":1},"o":{"x":0.333,"y":0},"t":123.6,"s":[{"i":[[-24.507,16.739],[17.308,-7.998],[5.946,0.441],[25.457,0],[24.476,-10.56],[1.472,-6.113],[-8.412,-5.509]],"o":[[9.902,-6.763],[16.071,-4.396],[-35.856,-2.661],[-25.457,0],[-7.549,3.257],[-1.474,6.122],[32.905,21.547]],"v":[[65.955,11.36],[60.459,2.122],[65.493,-14.48],[5.821,-42.893],[-46.839,-8.082],[-61.315,6.839],[-51.855,25.155]],"c":true}]},{"t":144,"s":[{"i":[[-24.132,17.274],[2.117,9.958],[5.946,0.441],[25.457,0],[19.361,-4.647],[1.737,-5.803],[-7.803,-5.742]],"o":[[5.977,-4.278],[-2.456,-11.555],[-35.856,-2.661],[-25.457,0],[-7.995,1.919],[-1.74,5.812],[30.52,22.46]],"v":[[70.148,14.757],[82.755,-4.875],[65.493,-14.48],[5.821,-42.893],[-48.957,-3.186],[-63.44,3.969],[-55.304,22.087]],"c":true}]}]},"nm":"Path 1","hd":false},{"ty":"st","c":{"a":0,"k":[0.811764705882,0.207843137255,0.007843137255,1]},"o":{"a":0,"k":100},"w":{"a":0,"k":8},"lc":1,"lj":1,"ml":10,"bm":0,"nm":"Stroke 1","hd":false},{"ty":"fl","c":{"a":0,"k":[1,0.364705882353,0.121568627451,1]},"o":{"a":0,"k":100},"r":1,"bm":0,"nm":"Fill 1","hd":false},{"ty":"tr","p":{"a":0,"k":[0,0]},"a":{"a":0,"k":[0,0]},"s":{"a":0,"k":[100,100]},"r":{"a":0,"k":0},"o":{"a":0,"k":100},"sk":{"a":0,"k":0},"sa":{"a":0,"k":0},"nm":"Transform"}],"nm":"Group 1","bm":0,"hd":false}],"ip":-14,"op":190,"st":10,"bm":0},{"ddd":0,"ind":19,"ty":4,"nm":"eye_lbl 2","parent":20,"sr":1,"ks":{"p":{"a":0,"k":[150.541,-124.606,0]},"s":{"a":0,"k":[80,80,100]}},"ao":0,"shapes":[{"ty":"gr","it":[{"ind":0,"ty":"sh","ks":{"a":1,"k":[{"i":{"x":0.667,"y":1},"o":{"x":0.333,"y":0},"t":30,"s":[{"i":[[-2.159,-4.209],[-3.538,1.815],[2.159,4.209],[3.538,-1.815]],"o":[[2.159,4.209],[3.538,-1.815],[-2.159,-4.209],[-3.538,1.815]],"v":[[-6.406,3.286],[3.909,7.621],[6.406,-3.286],[-3.909,-7.621]],"c":true}]},{"i":{"x":0.667,"y":1},"o":{"x":0.333,"y":0},"t":35,"s":[{"i":[[-2.159,-2.858],[-3.538,1.232],[2.159,2.858],[3.538,-1.232]],"o":[[2.159,2.858],[3.538,-1.232],[-2.159,-2.858],[-3.538,1.232]],"v":[[-8.325,13.142],[1.99,16.086],[4.487,8.68],[-5.828,5.736]],"c":true}]},{"i":{"x":0.833,"y":1},"o":{"x":0.333,"y":0},"t":40,"s":[{"i":[[-2.159,-4.209],[-3.538,1.815],[2.159,4.209],[3.538,-1.815]],"o":[[2.159,4.209],[3.538,-1.815],[-2.159,-4.209],[-3.538,1.815]],"v":[[-6.406,3.286],[3.909,7.621],[6.406,-3.286],[-3.909,-7.621]],"c":true}]},{"i":{"x":0.667,"y":1},"o":{"x":0.333,"y":0},"t":80,"s":[{"i":[[-2.159,-4.209],[-3.538,1.815],[2.159,4.209],[3.538,-1.815]],"o":[[2.159,4.209],[3.538,-1.815],[-2.159,-4.209],[-3.538,1.815]],"v":[[-6.406,3.286],[3.909,7.621],[6.406,-3.286],[-3.909,-7.621]],"c":true}]},{"i":{"x":0.667,"y":1},"o":{"x":0.333,"y":0},"t":88,"s":[{"i":[[-2.159,-2.858],[-3.538,1.232],[2.159,2.858],[3.538,-1.232]],"o":[[2.159,2.858],[3.538,-1.232],[-2.159,-2.858],[-3.538,1.232]],"v":[[-8.325,13.142],[1.99,16.086],[4.487,8.68],[-5.828,5.736]],"c":true}]},{"i":{"x":0.667,"y":1},"o":{"x":0.333,"y":0},"t":99,"s":[{"i":[[-2.159,-2.858],[-3.538,1.232],[2.159,2.858],[3.538,-1.232]],"o":[[2.159,2.858],[3.538,-1.232],[-2.159,-2.858],[-3.538,1.232]],"v":[[-8.325,13.142],[1.99,16.086],[4.487,8.68],[-5.828,5.736]],"c":true}]},{"t":109,"s":[{"i":[[-2.159,-4.209],[-3.538,1.815],[2.159,4.209],[3.538,-1.815]],"o":[[2.159,4.209],[3.538,-1.815],[-2.159,-4.209],[-3.538,1.815]],"v":[[-6.406,3.286],[3.909,7.621],[6.406,-3.286],[-3.909,-7.621]],"c":true}]}]},"nm":"Path 1","hd":false},{"ty":"fl","c":{"a":1,"k":[{"i":{"x":[0],"y":[1]},"o":{"x":[1],"y":[0]},"t":30,"s":[1,1,1,1]},{"i":{"x":[0],"y":[1]},"o":{"x":[1],"y":[0]},"t":35,"s":[0,0,0,1]},{"i":{"x":[0],"y":[1]},"o":{"x":[1],"y":[0]},"t":40,"s":[1,1,1,1]},{"i":{"x":[0],"y":[1]},"o":{"x":[1],"y":[0]},"t":80,"s":[1,1,1,1]},{"i":{"x":[0],"y":[1]},"o":{"x":[1],"y":[0]},"t":88,"s":[0,0,0,1]},{"i":{"x":[0],"y":[1]},"o":{"x":[1],"y":[0]},"t":99,"s":[0,0,0,1]},{"t":109,"s":[1,1,1,1]}]},"o":{"a":0,"k":100},"r":1,"bm":0,"nm":"Fill 1","hd":false},{"ty":"tr","p":{"a":0,"k":[0,0]},"a":{"a":0,"k":[0,0]},"s":{"a":0,"k":[100,100]},"r":{"a":0,"k":0},"o":{"a":0,"k":100},"sk":{"a":0,"k":0},"sa":{"a":0,"k":0},"nm":"Transform"}],"nm":"Group 1","bm":0,"hd":false}],"ip":-14,"op":190,"st":10,"bm":0},{"ddd":0,"ind":20,"ty":4,"nm":"eye_l 2","parent":18,"sr":1,"ks":{"r":{"a":1,"k":[{"i":{"x":[0.833],"y":[1]},"o":{"x":[0.167],"y":[0]},"t":12,"s":[-8.396]},{"i":{"x":[0.667],"y":[1]},"o":{"x":[0.167],"y":[0]},"t":24,"s":[0]},{"i":{"x":[0.242],"y":[1]},"o":{"x":[0.333],"y":[0]},"t":123.6,"s":[0]},{"i":{"x":[0.242],"y":[1]},"o":{"x":[0.167],"y":[0]},"t":144,"s":[-8.396]},{"t":180,"s":[-8.396]}]},"p":{"a":1,"k":[{"i":{"x":0.657,"y":1},"o":{"x":0.167,"y":0},"t":12,"s":[77.086,-60.216,0],"to":[-0.126,2.48,0],"ti":[0.126,-2.48,0]},{"i":{"x":0.657,"y":0.657},"o":{"x":0.355,"y":0.355},"t":24,"s":[76.327,-45.333,0],"to":[0,0,0],"ti":[0,0,0]},{"i":{"x":0.833,"y":1},"o":{"x":0.355,"y":0},"t":72,"s":[76.327,-45.333,0],"to":[-1.62,-0.303,0],"ti":[1.62,0.303,0]},{"i":{"x":0.833,"y":0.833},"o":{"x":0.323,"y":0.323},"t":81.6,"s":[66.606,-47.154,0],"to":[0,0,0],"ti":[0,0,0]},{"i":{"x":0.32,"y":1},"o":{"x":0.323,"y":0},"t":87.6,"s":[66.606,-47.154,0],"to":[2.22,0.367,0],"ti":[0,0,0]},{"i":{"x":0.667,"y":1},"o":{"x":0.68,"y":0},"t":106.801,"s":[79.926,-44.952,0],"to":[0,0,0],"ti":[0.473,2.544,0]},{"i":{"x":0.242,"y":1},"o":{"x":0.333,"y":0},"t":123.6,"s":[66.606,-47.154,0],"to":[-0.473,-2.544,0],"ti":[-1.747,2.177,0]},{"i":{"x":0.242,"y":0.242},"o":{"x":0.167,"y":0.167},"t":144,"s":[77.086,-60.216,0],"to":[0,0,0],"ti":[0,0,0]},{"t":180,"s":[77.086,-60.216,0]}]},"a":{"a":0,"k":[145.426,-113.831,0]},"s":{"a":1,"k":[{"i":{"x":[0.657,0.657,0.657],"y":[1,1,1]},"o":{"x":[0.246,0.246,0.246],"y":[0,0,0]},"t":12,"s":[132,119.983,100]},{"i":{"x":[0.657,0.657,0.657],"y":[1,1,1]},"o":{"x":[0.355,0.355,0.355],"y":[0,0,0]},"t":24,"s":[110,119.983,100]},{"i":{"x":[0.833,0.833,0.833],"y":[1,1,1]},"o":{"x":[0.355,0.355,0.355],"y":[0,0,0]},"t":72,"s":[110,119.983,100]},{"i":{"x":[0.833,0.833,0.833],"y":[1,1,1]},"o":{"x":[0.323,0.323,0.323],"y":[0,0,0]},"t":81.6,"s":[95,119.983,100]},{"i":{"x":[0.32,0.32,0.32],"y":[1,1,1]},"o":{"x":[0.323,0.323,0.323],"y":[0,0,0]},"t":87.6,"s":[95,119.983,100]},{"i":{"x":[0.667,0.667,0.667],"y":[1,1,1]},"o":{"x":[0.68,0.68,0.68],"y":[0,0,0]},"t":106.801,"s":[120,119.983,100]},{"i":{"x":[0.383,0.383,0.383],"y":[1,1,1]},"o":{"x":[0.333,0.333,0.333],"y":[0,0,0]},"t":123.6,"s":[95,119.983,100]},{"i":{"x":[0.383,0.383,0.383],"y":[1,1,1]},"o":{"x":[0.246,0.246,0.246],"y":[0,0,0]},"t":144,"s":[132,119.983,100]},{"t":180,"s":[132,119.983,100]}]}},"ao":0,"shapes":[{"ty":"gr","it":[{"ind":0,"ty":"sh","ks":{"a":1,"k":[{"i":{"x":0.667,"y":1},"o":{"x":0.333,"y":0},"t":30,"s":[{"i":[[-8.853,0],[-2.952,-9.049],[0,-3.067],[0.83,-2.631],[8.768,0],[3.175,8.471],[0,3.485],[-0.777,2.556]],"o":[[8.689,0],[0.881,2.699],[0,2.973],[-2.896,9.18],[-8.336,0],[-1.122,-2.993],[0,-2.873],[2.834,-9.32]],"v":[[145.426,-138],[164.488,-122.531],[165.852,-113.831],[164.568,-105.379],[145.426,-89.662],[126.745,-104.041],[125,-113.831],[126.201,-122.015]],"c":true}]},{"i":{"x":0.833,"y":1},"o":{"x":0.167,"y":0},"t":35,"s":[{"i":[[-10.684,0.233],[-2.632,-3.499],[1.122,-1.344],[1.795,0.991],[8.586,-0.126],[3.107,-1.473],[1.229,1.942],[-2.232,1.987]],"o":[[10.413,-0.228],[1.675,2.227],[-1.146,1.373],[-3.063,-1.691],[-9.061,0.133],[-1.953,0.926],[-1.285,-2.03],[3.295,-2.934]],"v":[[145.928,-119.439],[165.64,-112.673],[165.96,-107.395],[161.144,-107.302],[145.069,-112.13],[128.64,-106.742],[123.491,-107.302],[125.065,-113.381]],"c":true}]},{"i":{"x":0.833,"y":1},"o":{"x":0.333,"y":0},"t":40,"s":[{"i":[[-8.853,0],[-2.952,-9.049],[0,-3.067],[0.83,-2.631],[8.768,0],[3.175,8.471],[0,3.485],[-0.777,2.556]],"o":[[8.689,0],[0.881,2.699],[0,2.973],[-2.896,9.18],[-8.336,0],[-1.122,-2.993],[0,-2.873],[2.834,-9.32]],"v":[[145.426,-138],[164.488,-122.531],[165.852,-113.831],[164.568,-105.379],[145.426,-89.662],[126.745,-104.041],[125,-113.831],[126.201,-122.015]],"c":true}]},{"i":{"x":0.667,"y":1},"o":{"x":0.333,"y":0},"t":80,"s":[{"i":[[-8.853,0],[-2.952,-9.049],[0,-3.067],[0.83,-2.631],[8.768,0],[3.175,8.471],[0,3.485],[-0.777,2.556]],"o":[[8.689,0],[0.881,2.699],[0,2.973],[-2.896,9.18],[-8.336,0],[-1.122,-2.993],[0,-2.873],[2.834,-9.32]],"v":[[145.426,-138],[164.488,-122.531],[165.852,-113.831],[164.568,-105.379],[145.426,-89.662],[126.745,-104.041],[125,-113.831],[126.201,-122.015]],"c":true}]},{"i":{"x":0.667,"y":1},"o":{"x":0.333,"y":0},"t":88,"s":[{"i":[[-10.684,0.233],[-2.632,-3.499],[1.122,-1.344],[1.795,0.991],[8.586,-0.126],[3.107,-1.473],[1.229,1.942],[-2.232,1.987]],"o":[[10.413,-0.228],[1.675,2.227],[-1.146,1.373],[-3.063,-1.691],[-9.061,0.133],[-1.953,0.926],[-1.285,-2.03],[3.295,-2.934]],"v":[[145.928,-119.439],[165.64,-112.673],[165.96,-107.395],[161.144,-107.302],[145.069,-112.13],[128.64,-106.742],[123.491,-107.302],[125.065,-113.381]],"c":true}]},{"i":{"x":0.667,"y":1},"o":{"x":0.333,"y":0},"t":99,"s":[{"i":[[-10.684,0.233],[-2.632,-3.499],[1.122,-1.344],[1.795,0.991],[8.586,-0.126],[3.107,-1.473],[1.229,1.942],[-2.232,1.987]],"o":[[10.413,-0.228],[1.675,2.227],[-1.146,1.373],[-3.063,-1.691],[-9.061,0.133],[-1.953,0.926],[-1.285,-2.03],[3.295,-2.934]],"v":[[145.928,-119.439],[165.64,-112.673],[165.96,-107.395],[161.144,-107.302],[145.069,-112.13],[128.64,-106.742],[123.491,-107.302],[125.065,-113.381]],"c":true}]},{"t":109,"s":[{"i":[[-8.853,0],[-2.952,-9.049],[0,-3.067],[0.83,-2.631],[8.768,0],[3.175,8.471],[0,3.485],[-0.777,2.556]],"o":[[8.689,0],[0.881,2.699],[0,2.973],[-2.896,9.18],[-8.336,0],[-1.122,-2.993],[0,-2.873],[2.834,-9.32]],"v":[[145.426,-138],[164.488,-122.531],[165.852,-113.831],[164.568,-105.379],[145.426,-89.662],[126.745,-104.041],[125,-113.831],[126.201,-122.015]],"c":true}]}]},"nm":"Path 1","hd":false},{"ty":"fl","c":{"a":0,"k":[0,0,0,1]},"o":{"a":0,"k":100},"r":1,"bm":0,"nm":"Fill 1","hd":false},{"ty":"tr","p":{"a":0,"k":[0,0]},"a":{"a":0,"k":[0,0]},"s":{"a":0,"k":[100,100]},"r":{"a":0,"k":0.001},"o":{"a":0,"k":100},"sk":{"a":0,"k":0},"sa":{"a":0,"k":0},"nm":"Transform"}],"nm":"Group 1","bm":0,"hd":false},{"ty":"st","c":{"a":0,"k":[0,0,0,1]},"o":{"a":0,"k":100},"w":{"a":1,"k":[{"i":{"x":[0.667],"y":[1]},"o":{"x":[0.333],"y":[0]},"t":30,"s":[0]},{"i":{"x":[0.833],"y":[1]},"o":{"x":[0.167],"y":[0]},"t":35,"s":[5]},{"i":{"x":[0.833],"y":[1]},"o":{"x":[0.333],"y":[0]},"t":40,"s":[0]},{"i":{"x":[0.667],"y":[1]},"o":{"x":[0.333],"y":[0]},"t":80,"s":[0]},{"i":{"x":[0.667],"y":[1]},"o":{"x":[0.333],"y":[0]},"t":88,"s":[5]},{"i":{"x":[0.667],"y":[1]},"o":{"x":[0.333],"y":[0]},"t":99,"s":[5]},{"t":109,"s":[0]}]},"lc":1,"lj":1,"ml":4,"bm":0,"nm":"Stroke 1","hd":false}],"ip":-14,"op":190,"st":10,"bm":0},{"ddd":0,"ind":21,"ty":4,"nm":"eye_lbl","parent":22,"sr":1,"ks":{"p":{"a":0,"k":[150.541,-124.606,0]},"s":{"a":0,"k":[80,80,100]}},"ao":0,"shapes":[{"ty":"gr","it":[{"ind":0,"ty":"sh","ks":{"a":1,"k":[{"i":{"x":0.667,"y":1},"o":{"x":0.333,"y":0},"t":30,"s":[{"i":[[-2.159,-4.209],[-3.538,1.815],[2.159,4.209],[3.538,-1.815]],"o":[[2.159,4.209],[3.538,-1.815],[-2.159,-4.209],[-3.538,1.815]],"v":[[-6.406,3.286],[3.909,7.621],[6.406,-3.286],[-3.909,-7.621]],"c":true}]},{"i":{"x":0.667,"y":1},"o":{"x":0.333,"y":0},"t":35,"s":[{"i":[[-2.159,-2.858],[-3.538,1.232],[2.159,2.858],[3.538,-1.232]],"o":[[2.159,2.858],[3.538,-1.232],[-2.159,-2.858],[-3.538,1.232]],"v":[[-8.325,13.142],[1.99,16.086],[4.487,8.68],[-5.828,5.736]],"c":true}]},{"i":{"x":0.833,"y":1},"o":{"x":0.333,"y":0},"t":40,"s":[{"i":[[-2.159,-4.209],[-3.538,1.815],[2.159,4.209],[3.538,-1.815]],"o":[[2.159,4.209],[3.538,-1.815],[-2.159,-4.209],[-3.538,1.815]],"v":[[-6.406,3.286],[3.909,7.621],[6.406,-3.286],[-3.909,-7.621]],"c":true}]},{"i":{"x":0.667,"y":1},"o":{"x":0.333,"y":0},"t":80,"s":[{"i":[[-2.159,-4.209],[-3.538,1.815],[2.159,4.209],[3.538,-1.815]],"o":[[2.159,4.209],[3.538,-1.815],[-2.159,-4.209],[-3.538,1.815]],"v":[[-6.406,3.286],[3.909,7.621],[6.406,-3.286],[-3.909,-7.621]],"c":true}]},{"i":{"x":0.667,"y":1},"o":{"x":0.333,"y":0},"t":88,"s":[{"i":[[-2.159,-2.858],[-3.538,1.232],[2.159,2.858],[3.538,-1.232]],"o":[[2.159,2.858],[3.538,-1.232],[-2.159,-2.858],[-3.538,1.232]],"v":[[-8.325,13.142],[1.99,16.086],[4.487,8.68],[-5.828,5.736]],"c":true}]},{"i":{"x":0.667,"y":1},"o":{"x":0.333,"y":0},"t":99,"s":[{"i":[[-2.159,-2.858],[-3.538,1.232],[2.159,2.858],[3.538,-1.232]],"o":[[2.159,2.858],[3.538,-1.232],[-2.159,-2.858],[-3.538,1.232]],"v":[[-8.325,13.142],[1.99,16.086],[4.487,8.68],[-5.828,5.736]],"c":true}]},{"t":109,"s":[{"i":[[-2.159,-4.209],[-3.538,1.815],[2.159,4.209],[3.538,-1.815]],"o":[[2.159,4.209],[3.538,-1.815],[-2.159,-4.209],[-3.538,1.815]],"v":[[-6.406,3.286],[3.909,7.621],[6.406,-3.286],[-3.909,-7.621]],"c":true}]}]},"nm":"Path 1","hd":false},{"ty":"fl","c":{"a":1,"k":[{"i":{"x":[0],"y":[1]},"o":{"x":[1],"y":[0]},"t":30,"s":[1,1,1,1]},{"i":{"x":[0],"y":[1]},"o":{"x":[1],"y":[0]},"t":35,"s":[0,0,0,1]},{"i":{"x":[0],"y":[1]},"o":{"x":[1],"y":[0]},"t":40,"s":[1,1,1,1]},{"i":{"x":[0],"y":[1]},"o":{"x":[1],"y":[0]},"t":80,"s":[1,1,1,1]},{"i":{"x":[0],"y":[1]},"o":{"x":[1],"y":[0]},"t":88,"s":[0,0,0,1]},{"i":{"x":[0],"y":[1]},"o":{"x":[1],"y":[0]},"t":99,"s":[0,0,0,1]},{"t":109,"s":[1,1,1,1]}]},"o":{"a":0,"k":100},"r":1,"bm":0,"nm":"Fill 1","hd":false},{"ty":"tr","p":{"a":0,"k":[0,0]},"a":{"a":0,"k":[0,0]},"s":{"a":0,"k":[100,100]},"r":{"a":0,"k":0},"o":{"a":0,"k":100},"sk":{"a":0,"k":0},"sa":{"a":0,"k":0},"nm":"Transform"}],"nm":"Group 1","bm":0,"hd":false}],"ip":-14,"op":190,"st":10,"bm":0},{"ddd":0,"ind":22,"ty":4,"nm":"eye_l","parent":18,"sr":1,"ks":{"p":{"a":0,"k":[-73.19,-47.154,0]},"a":{"a":0,"k":[145.426,-113.831,0]},"s":{"a":0,"k":[131.981,119.983,100]}},"ao":0,"shapes":[{"ty":"gr","it":[{"ind":0,"ty":"sh","ks":{"a":1,"k":[{"i":{"x":0.667,"y":1},"o":{"x":0.333,"y":0},"t":30,"s":[{"i":[[-8.853,0],[-2.952,-9.049],[0,-3.067],[0.83,-2.631],[8.768,0],[3.175,8.471],[0,3.485],[-0.777,2.556]],"o":[[8.689,0],[0.881,2.699],[0,2.973],[-2.896,9.18],[-8.336,0],[-1.122,-2.993],[0,-2.873],[2.834,-9.32]],"v":[[145.426,-138],[164.488,-122.531],[165.852,-113.831],[164.568,-105.379],[145.426,-89.662],[126.745,-104.041],[125,-113.831],[126.201,-122.015]],"c":true}]},{"i":{"x":0.833,"y":1},"o":{"x":0.167,"y":0},"t":35,"s":[{"i":[[-10.684,0.233],[-2.632,-3.499],[1.122,-1.344],[1.795,0.991],[8.586,-0.126],[3.107,-1.473],[1.229,1.942],[-2.232,1.987]],"o":[[10.413,-0.228],[1.675,2.227],[-1.146,1.373],[-3.063,-1.691],[-9.061,0.133],[-1.953,0.926],[-1.285,-2.03],[3.295,-2.934]],"v":[[145.928,-119.439],[165.64,-112.673],[165.96,-107.395],[161.144,-107.302],[145.069,-112.13],[128.64,-106.742],[123.491,-107.302],[125.065,-113.381]],"c":true}]},{"i":{"x":0.833,"y":1},"o":{"x":0.333,"y":0},"t":40,"s":[{"i":[[-8.853,0],[-2.952,-9.049],[0,-3.067],[0.83,-2.631],[8.768,0],[3.175,8.471],[0,3.485],[-0.777,2.556]],"o":[[8.689,0],[0.881,2.699],[0,2.973],[-2.896,9.18],[-8.336,0],[-1.122,-2.993],[0,-2.873],[2.834,-9.32]],"v":[[145.426,-138],[164.488,-122.531],[165.852,-113.831],[164.568,-105.379],[145.426,-89.662],[126.745,-104.041],[125,-113.831],[126.201,-122.015]],"c":true}]},{"i":{"x":0.667,"y":1},"o":{"x":0.333,"y":0},"t":80,"s":[{"i":[[-8.853,0],[-2.952,-9.049],[0,-3.067],[0.83,-2.631],[8.768,0],[3.175,8.471],[0,3.485],[-0.777,2.556]],"o":[[8.689,0],[0.881,2.699],[0,2.973],[-2.896,9.18],[-8.336,0],[-1.122,-2.993],[0,-2.873],[2.834,-9.32]],"v":[[145.426,-138],[164.488,-122.531],[165.852,-113.831],[164.568,-105.379],[145.426,-89.662],[126.745,-104.041],[125,-113.831],[126.201,-122.015]],"c":true}]},{"i":{"x":0.667,"y":1},"o":{"x":0.333,"y":0},"t":88,"s":[{"i":[[-10.684,0.233],[-2.632,-3.499],[1.122,-1.344],[1.795,0.991],[8.586,-0.126],[3.107,-1.473],[1.229,1.942],[-2.232,1.987]],"o":[[10.413,-0.228],[1.675,2.227],[-1.146,1.373],[-3.063,-1.691],[-9.061,0.133],[-1.953,0.926],[-1.285,-2.03],[3.295,-2.934]],"v":[[145.928,-119.439],[165.64,-112.673],[165.96,-107.395],[161.144,-107.302],[145.069,-112.13],[128.64,-106.742],[123.491,-107.302],[125.065,-113.381]],"c":true}]},{"i":{"x":0.667,"y":1},"o":{"x":0.333,"y":0},"t":99,"s":[{"i":[[-10.684,0.233],[-2.632,-3.499],[1.122,-1.344],[1.795,0.991],[8.586,-0.126],[3.107,-1.473],[1.229,1.942],[-2.232,1.987]],"o":[[10.413,-0.228],[1.675,2.227],[-1.146,1.373],[-3.063,-1.691],[-9.061,0.133],[-1.953,0.926],[-1.285,-2.03],[3.295,-2.934]],"v":[[145.928,-119.439],[165.64,-112.673],[165.96,-107.395],[161.144,-107.302],[145.069,-112.13],[128.64,-106.742],[123.491,-107.302],[125.065,-113.381]],"c":true}]},{"t":109,"s":[{"i":[[-8.853,0],[-2.952,-9.049],[0,-3.067],[0.83,-2.631],[8.768,0],[3.175,8.471],[0,3.485],[-0.777,2.556]],"o":[[8.689,0],[0.881,2.699],[0,2.973],[-2.896,9.18],[-8.336,0],[-1.122,-2.993],[0,-2.873],[2.834,-9.32]],"v":[[145.426,-138],[164.488,-122.531],[165.852,-113.831],[164.568,-105.379],[145.426,-89.662],[126.745,-104.041],[125,-113.831],[126.201,-122.015]],"c":true}]}]},"nm":"Path 1","hd":false},{"ty":"fl","c":{"a":0,"k":[0,0,0,1]},"o":{"a":0,"k":100},"r":1,"bm":0,"nm":"Fill 1","hd":false},{"ty":"tr","p":{"a":0,"k":[0,0]},"a":{"a":0,"k":[0,0]},"s":{"a":0,"k":[100,100]},"r":{"a":0,"k":0},"o":{"a":0,"k":100},"sk":{"a":0,"k":0},"sa":{"a":0,"k":0},"nm":"Transform"}],"nm":"Group 1","bm":0,"hd":false},{"ty":"st","c":{"a":0,"k":[0,0,0,1]},"o":{"a":0,"k":100},"w":{"a":1,"k":[{"i":{"x":[0.667],"y":[1]},"o":{"x":[0.333],"y":[0]},"t":30,"s":[0]},{"i":{"x":[0.833],"y":[1]},"o":{"x":[0.167],"y":[0]},"t":35,"s":[5]},{"i":{"x":[0.833],"y":[1]},"o":{"x":[0.333],"y":[0]},"t":40,"s":[0]},{"i":{"x":[0.667],"y":[1]},"o":{"x":[0.333],"y":[0]},"t":80,"s":[0]},{"i":{"x":[0.667],"y":[1]},"o":{"x":[0.333],"y":[0]},"t":88,"s":[5]},{"i":{"x":[0.667],"y":[1]},"o":{"x":[0.333],"y":[0]},"t":99,"s":[5]},{"t":109,"s":[0]}]},"lc":1,"lj":1,"ml":4,"bm":0,"nm":"Stroke 1","hd":false}],"ip":-14,"op":190,"st":10,"bm":0},{"ddd":0,"ind":23,"ty":4,"nm":"body_bl10","parent":25,"sr":1,"ks":{"r":{"a":0,"k":138.197},"p":{"a":0,"k":[80.857,-40.782,0]},"a":{"a":0,"k":[-299.996,2.347,0]},"s":{"a":0,"k":[107.905,99.334,100]}},"ao":0,"shapes":[{"ty":"gr","it":[{"ind":0,"ty":"sh","ks":{"a":0,"k":{"i":[[10.979,16.073],[-8.63,18.557]],"o":[[-21.369,-31.283],[-16.834,-11.985]],"v":[[-337.909,21.163],[-342.345,-96.532]],"c":false}},"nm":"Path 1","hd":false},{"ty":"st","c":{"a":0,"k":[1,1,1,1]},"o":{"a":0,"k":100},"w":{"a":0,"k":8},"lc":2,"lj":2,"bm":0,"nm":"Stroke 1","hd":false},{"ty":"tr","p":{"a":0,"k":[35.688,48.14]},"a":{"a":0,"k":[0,0]},"s":{"a":0,"k":[100,100]},"r":{"a":0,"k":0},"o":{"a":0,"k":100},"sk":{"a":0,"k":0},"sa":{"a":0,"k":0},"nm":"Transform"}],"nm":"Group 1","bm":0,"hd":false},{"ty":"tm","s":{"a":1,"k":[{"i":{"x":[0.667],"y":[1]},"o":{"x":[0.333],"y":[0]},"t":0,"s":[5]},{"i":{"x":[0.667],"y":[1]},"o":{"x":[0.333],"y":[0]},"t":12,"s":[0]},{"i":{"x":[0.667],"y":[1]},"o":{"x":[0.333],"y":[0]},"t":24,"s":[5]},{"i":{"x":[0.667],"y":[1]},"o":{"x":[0.333],"y":[0]},"t":36,"s":[0]},{"i":{"x":[0.667],"y":[1]},"o":{"x":[0.333],"y":[0]},"t":48,"s":[5]},{"i":{"x":[0.667],"y":[1]},"o":{"x":[0.333],"y":[0]},"t":60,"s":[0]},{"i":{"x":[0.667],"y":[1]},"o":{"x":[0.333],"y":[0]},"t":72,"s":[5]},{"i":{"x":[0.667],"y":[1]},"o":{"x":[0.333],"y":[0]},"t":84,"s":[0]},{"i":{"x":[0.667],"y":[1]},"o":{"x":[0.333],"y":[0]},"t":96,"s":[5]},{"i":{"x":[0.667],"y":[1]},"o":{"x":[0.333],"y":[0]},"t":108,"s":[5]},{"i":{"x":[0.667],"y":[1]},"o":{"x":[0.333],"y":[0]},"t":120,"s":[0]},{"i":{"x":[0.667],"y":[1]},"o":{"x":[0.333],"y":[0]},"t":132,"s":[5]},{"i":{"x":[0.667],"y":[1]},"o":{"x":[0.333],"y":[0]},"t":144,"s":[0]},{"i":{"x":[0.667],"y":[1]},"o":{"x":[0.333],"y":[0]},"t":156,"s":[5]},{"i":{"x":[0.833],"y":[1]},"o":{"x":[0.167],"y":[0]},"t":168,"s":[0]},{"i":{"x":[0.833],"y":[1]},"o":{"x":[0.333],"y":[0]},"t":180,"s":[5]},{"t":190,"s":[5]}]},"e":{"a":1,"k":[{"i":{"x":[0.667],"y":[1]},"o":{"x":[0.333],"y":[0]},"t":0,"s":[100]},{"i":{"x":[0.667],"y":[1]},"o":{"x":[0.333],"y":[0]},"t":12,"s":[95]},{"i":{"x":[0.667],"y":[1]},"o":{"x":[0.333],"y":[0]},"t":24,"s":[100]},{"i":{"x":[0.667],"y":[1]},"o":{"x":[0.333],"y":[0]},"t":36,"s":[95]},{"i":{"x":[0.667],"y":[1]},"o":{"x":[0.333],"y":[0]},"t":48,"s":[100]},{"i":{"x":[0.667],"y":[1]},"o":{"x":[0.333],"y":[0]},"t":60,"s":[95]},{"i":{"x":[0.667],"y":[1]},"o":{"x":[0.333],"y":[0]},"t":72,"s":[100]},{"i":{"x":[0.667],"y":[1]},"o":{"x":[0.333],"y":[0]},"t":84,"s":[95]},{"i":{"x":[0.667],"y":[1]},"o":{"x":[0.333],"y":[0]},"t":96,"s":[100]},{"i":{"x":[0.667],"y":[1]},"o":{"x":[0.333],"y":[0]},"t":108,"s":[100]},{"i":{"x":[0.667],"y":[1]},"o":{"x":[0.333],"y":[0]},"t":120,"s":[95]},{"i":{"x":[0.667],"y":[1]},"o":{"x":[0.333],"y":[0]},"t":132,"s":[100]},{"i":{"x":[0.667],"y":[1]},"o":{"x":[0.333],"y":[0]},"t":144,"s":[95]},{"i":{"x":[0.667],"y":[1]},"o":{"x":[0.333],"y":[0]},"t":156,"s":[100]},{"i":{"x":[0.833],"y":[1]},"o":{"x":[0.167],"y":[0]},"t":168,"s":[95]},{"i":{"x":[0.833],"y":[1]},"o":{"x":[0.333],"y":[0]},"t":180,"s":[100]},{"t":190,"s":[100]}]},"o":{"a":0,"k":0},"m":1,"nm":"Trim Paths 1","hd":false}],"ip":-14,"op":234,"st":10,"bm":0},{"ddd":0,"ind":24,"ty":4,"nm":"body_bl9","parent":25,"sr":1,"ks":{"r":{"a":0,"k":21.781},"p":{"a":0,"k":[-117.718,-8.975,0]},"a":{"a":0,"k":[-299.996,2.347,0]},"s":{"a":0,"k":[107.905,99.334,100]}},"ao":0,"shapes":[{"ty":"gr","it":[{"ind":0,"ty":"sh","ks":{"a":0,"k":{"i":[[11.779,15.496],[-8.63,18.557]],"o":[[-34.583,-45.495],[-16.834,-11.985]],"v":[[-333.694,18.201],[-340.484,-91.584]],"c":false}},"nm":"Path 1","hd":false},{"ty":"st","c":{"a":0,"k":[0.988235353956,0.933333393172,0.129411764706,1]},"o":{"a":0,"k":100},"w":{"a":0,"k":8},"lc":2,"lj":2,"bm":0,"nm":"Stroke 1","hd":false},{"ty":"tr","p":{"a":0,"k":[35.688,48.14]},"a":{"a":0,"k":[0,0]},"s":{"a":0,"k":[100,100]},"r":{"a":0,"k":0},"o":{"a":0,"k":100},"sk":{"a":0,"k":0},"sa":{"a":0,"k":0},"nm":"Transform"}],"nm":"Group 1","bm":0,"hd":false},{"ty":"tm","s":{"a":1,"k":[{"i":{"x":[0.667],"y":[1]},"o":{"x":[0.333],"y":[0]},"t":0,"s":[5]},{"i":{"x":[0.667],"y":[1]},"o":{"x":[0.333],"y":[0]},"t":12,"s":[0]},{"i":{"x":[0.667],"y":[1]},"o":{"x":[0.333],"y":[0]},"t":24,"s":[5]},{"i":{"x":[0.667],"y":[1]},"o":{"x":[0.333],"y":[0]},"t":36,"s":[0]},{"i":{"x":[0.667],"y":[1]},"o":{"x":[0.333],"y":[0]},"t":48,"s":[5]},{"i":{"x":[0.667],"y":[1]},"o":{"x":[0.333],"y":[0]},"t":60,"s":[0]},{"i":{"x":[0.667],"y":[1]},"o":{"x":[0.333],"y":[0]},"t":72,"s":[5]},{"i":{"x":[0.667],"y":[1]},"o":{"x":[0.333],"y":[0]},"t":84,"s":[0]},{"i":{"x":[0.667],"y":[1]},"o":{"x":[0.333],"y":[0]},"t":96,"s":[5]},{"i":{"x":[0.667],"y":[1]},"o":{"x":[0.333],"y":[0]},"t":108,"s":[5]},{"i":{"x":[0.667],"y":[1]},"o":{"x":[0.333],"y":[0]},"t":120,"s":[0]},{"i":{"x":[0.667],"y":[1]},"o":{"x":[0.333],"y":[0]},"t":132,"s":[5]},{"i":{"x":[0.667],"y":[1]},"o":{"x":[0.333],"y":[0]},"t":144,"s":[0]},{"i":{"x":[0.667],"y":[1]},"o":{"x":[0.333],"y":[0]},"t":156,"s":[5]},{"i":{"x":[0.833],"y":[1]},"o":{"x":[0.167],"y":[0]},"t":168,"s":[0]},{"i":{"x":[0.833],"y":[1]},"o":{"x":[0.333],"y":[0]},"t":180,"s":[5]},{"t":190,"s":[5]}]},"e":{"a":1,"k":[{"i":{"x":[0.667],"y":[1]},"o":{"x":[0.333],"y":[0]},"t":0,"s":[100]},{"i":{"x":[0.667],"y":[1]},"o":{"x":[0.333],"y":[0]},"t":12,"s":[95]},{"i":{"x":[0.667],"y":[1]},"o":{"x":[0.333],"y":[0]},"t":24,"s":[100]},{"i":{"x":[0.667],"y":[1]},"o":{"x":[0.333],"y":[0]},"t":36,"s":[95]},{"i":{"x":[0.667],"y":[1]},"o":{"x":[0.333],"y":[0]},"t":48,"s":[100]},{"i":{"x":[0.667],"y":[1]},"o":{"x":[0.333],"y":[0]},"t":60,"s":[95]},{"i":{"x":[0.667],"y":[1]},"o":{"x":[0.333],"y":[0]},"t":72,"s":[100]},{"i":{"x":[0.667],"y":[1]},"o":{"x":[0.333],"y":[0]},"t":84,"s":[95]},{"i":{"x":[0.667],"y":[1]},"o":{"x":[0.333],"y":[0]},"t":96,"s":[100]},{"i":{"x":[0.667],"y":[1]},"o":{"x":[0.333],"y":[0]},"t":108,"s":[100]},{"i":{"x":[0.667],"y":[1]},"o":{"x":[0.333],"y":[0]},"t":120,"s":[95]},{"i":{"x":[0.667],"y":[1]},"o":{"x":[0.333],"y":[0]},"t":132,"s":[100]},{"i":{"x":[0.667],"y":[1]},"o":{"x":[0.333],"y":[0]},"t":144,"s":[95]},{"i":{"x":[0.667],"y":[1]},"o":{"x":[0.333],"y":[0]},"t":156,"s":[100]},{"i":{"x":[0.833],"y":[1]},"o":{"x":[0.167],"y":[0]},"t":168,"s":[95]},{"i":{"x":[0.833],"y":[1]},"o":{"x":[0.333],"y":[0]},"t":180,"s":[100]},{"t":190,"s":[100]}]},"o":{"a":0,"k":0},"m":1,"nm":"Trim Paths 1","hd":false}],"ip":-14,"op":234,"st":10,"bm":0},{"ddd":0,"ind":25,"ty":4,"nm":"head","parent":30,"sr":1,"ks":{"r":{"a":1,"k":[{"i":{"x":[0.32],"y":[1]},"o":{"x":[0.333],"y":[0]},"t":87.6,"s":[-13.638]},{"i":{"x":[0.667],"y":[1]},"o":{"x":[0.68],"y":[0]},"t":106.801,"s":[-6.175]},{"i":{"x":[0.242],"y":[1]},"o":{"x":[0.333],"y":[0]},"t":123.6,"s":[-22.649]},{"t":144,"s":[-13.638]}]},"p":{"a":1,"k":[{"i":{"x":0.32,"y":1},"o":{"x":0.333,"y":0},"t":87.6,"s":[17,-61.09,0],"to":[0,0,0],"ti":[0,0,0]},{"i":{"x":0.667,"y":1},"o":{"x":0.68,"y":0},"t":106.801,"s":[19.655,-50.43,0],"to":[0,0,0],"ti":[0,0,0]},{"i":{"x":0.242,"y":1},"o":{"x":0.333,"y":0},"t":123.6,"s":[7.004,-54.394,0],"to":[0,0,0],"ti":[0,0,0]},{"t":144,"s":[17,-61.09,0]}]},"a":{"a":0,"k":[0,122.122,0]},"s":{"a":0,"k":[105,105,100]}},"ao":0,"shapes":[{"ty":"gr","it":[{"ind":0,"ty":"sh","ks":{"a":0,"k":{"i":[[0,0],[-5.826,36.107],[-85.805,-13.845],[12.377,-76.706],[29.903,-17.594]],"o":[[-23.158,-26.333],[12.377,-76.706],[85.804,13.845],[-5.842,36.205],[0,0]],"v":[[-132.592,102.307],[-160.469,6.583],[19.454,-120.563],[150.255,56.72],[86.641,147.672]],"c":false}},"nm":"Path 1","hd":false},{"ty":"st","c":{"a":0,"k":[0.980392156863,0.564705882353,0.086274509804,1]},"o":{"a":0,"k":100},"w":{"a":0,"k":10},"lc":2,"lj":2,"bm":0,"nm":"Stroke 1","hd":false},{"ty":"fl","c":{"a":0,"k":[0.99609375,0.84765625,0.12890625,1]},"o":{"a":0,"k":100},"r":1,"bm":0,"nm":"Fill 1","hd":false},{"ty":"tr","p":{"a":0,"k":[0,0]},"a":{"a":0,"k":[0,0]},"s":{"a":0,"k":[100,100]},"r":{"a":0,"k":-0.015},"o":{"a":0,"k":100},"sk":{"a":0,"k":0},"sa":{"a":0,"k":0},"nm":"Transform"}],"nm":"Group 1","bm":0,"hd":false},{"ty":"tm","s":{"a":1,"k":[{"i":{"x":[0.32],"y":[1]},"o":{"x":[0.333],"y":[0]},"t":87.6,"s":[0]},{"i":{"x":[0.667],"y":[1]},"o":{"x":[0.68],"y":[0]},"t":106.801,"s":[0]},{"i":{"x":[0.242],"y":[1]},"o":{"x":[0.333],"y":[0]},"t":123.6,"s":[0]},{"t":144,"s":[0]}]},"e":{"a":1,"k":[{"i":{"x":[0.32],"y":[1]},"o":{"x":[0.333],"y":[0]},"t":87.6,"s":[100]},{"i":{"x":[0.667],"y":[1]},"o":{"x":[0.68],"y":[0]},"t":106.801,"s":[96]},{"i":{"x":[0.242],"y":[1]},"o":{"x":[0.333],"y":[0]},"t":123.6,"s":[100]},{"t":144,"s":[100]}]},"o":{"a":0,"k":0},"m":1,"nm":"Trim Paths 1","hd":false}],"ip":-14,"op":190,"st":10,"bm":0},{"ddd":0,"ind":26,"ty":4,"nm":"body_bl4","parent":30,"sr":1,"ks":{"r":{"a":0,"k":11.886},"p":{"a":0,"k":[195.223,117.166,0]},"a":{"a":0,"k":[35.689,48.14,0]},"s":{"a":0,"k":[107.905,99.334,100]}},"ao":0,"shapes":[{"ty":"gr","it":[{"ind":0,"ty":"sh","ks":{"a":1,"k":[{"i":{"x":0.32,"y":1},"o":{"x":0.333,"y":0},"t":87.6,"s":[{"i":[[18.379,6.412],[-7.899,10.779]],"o":[[-33.717,-11.763],[-16.834,-11.985]],"v":[[-316.926,19.816],[-339.705,-56.968]],"c":false}]},{"i":{"x":0.667,"y":1},"o":{"x":0.68,"y":0},"t":106.801,"s":[{"i":[[17.63,8.249],[1.394,14.199]],"o":[[-30.717,-14.373],[-16.834,-11.985]],"v":[[-280.009,5.522],[-313.659,-57.129]],"c":false}]},{"i":{"x":0.242,"y":1},"o":{"x":0.333,"y":0},"t":123.6,"s":[{"i":[[13.161,14.341],[-7.899,10.779]],"o":[[-18.101,-19.722],[-16.834,-11.985]],"v":[[-312.39,41.649],[-331.65,-51.031]],"c":false}]},{"t":144,"s":[{"i":[[18.379,6.412],[-7.899,10.779]],"o":[[-33.717,-11.763],[-16.834,-11.985]],"v":[[-316.926,19.816],[-339.705,-56.968]],"c":false}]}]},"nm":"Path 1","hd":false},{"ty":"st","c":{"a":0,"k":[0.988235353956,0.933333393172,0.129411764706,1]},"o":{"a":0,"k":100},"w":{"a":0,"k":8},"lc":2,"lj":2,"bm":0,"nm":"Stroke 1","hd":false},{"ty":"tr","p":{"a":0,"k":[35.688,48.14]},"a":{"a":0,"k":[0,0]},"s":{"a":0,"k":[100,100]},"r":{"a":0,"k":0},"o":{"a":0,"k":100},"sk":{"a":0,"k":0},"sa":{"a":0,"k":0},"nm":"Transform"}],"nm":"Group 1","bm":0,"hd":false},{"ty":"tm","s":{"a":1,"k":[{"i":{"x":[0.667],"y":[1]},"o":{"x":[0.333],"y":[0]},"t":0,"s":[5]},{"i":{"x":[0.667],"y":[1]},"o":{"x":[0.333],"y":[0]},"t":12,"s":[0]},{"i":{"x":[0.667],"y":[1]},"o":{"x":[0.333],"y":[0]},"t":24,"s":[5]},{"i":{"x":[0.667],"y":[1]},"o":{"x":[0.333],"y":[0]},"t":36,"s":[0]},{"i":{"x":[0.667],"y":[1]},"o":{"x":[0.333],"y":[0]},"t":48,"s":[5]},{"i":{"x":[0.667],"y":[1]},"o":{"x":[0.333],"y":[0]},"t":60,"s":[0]},{"i":{"x":[0.667],"y":[1]},"o":{"x":[0.333],"y":[0]},"t":72,"s":[5]},{"i":{"x":[0.667],"y":[1]},"o":{"x":[0.333],"y":[0]},"t":84,"s":[0]},{"i":{"x":[0.667],"y":[1]},"o":{"x":[0.333],"y":[0]},"t":96,"s":[5]},{"i":{"x":[0.667],"y":[1]},"o":{"x":[0.333],"y":[0]},"t":108,"s":[5]},{"i":{"x":[0.667],"y":[1]},"o":{"x":[0.333],"y":[0]},"t":120,"s":[0]},{"i":{"x":[0.667],"y":[1]},"o":{"x":[0.333],"y":[0]},"t":132,"s":[5]},{"i":{"x":[0.667],"y":[1]},"o":{"x":[0.333],"y":[0]},"t":144,"s":[0]},{"i":{"x":[0.667],"y":[1]},"o":{"x":[0.333],"y":[0]},"t":156,"s":[5]},{"i":{"x":[0.833],"y":[1]},"o":{"x":[0.167],"y":[0]},"t":168,"s":[0]},{"t":180,"s":[5]}]},"e":{"a":1,"k":[{"i":{"x":[0.667],"y":[1]},"o":{"x":[0.333],"y":[0]},"t":0,"s":[100]},{"i":{"x":[0.667],"y":[1]},"o":{"x":[0.333],"y":[0]},"t":12,"s":[95]},{"i":{"x":[0.667],"y":[1]},"o":{"x":[0.333],"y":[0]},"t":24,"s":[100]},{"i":{"x":[0.667],"y":[1]},"o":{"x":[0.333],"y":[0]},"t":36,"s":[95]},{"i":{"x":[0.667],"y":[1]},"o":{"x":[0.333],"y":[0]},"t":48,"s":[100]},{"i":{"x":[0.667],"y":[1]},"o":{"x":[0.333],"y":[0]},"t":60,"s":[95]},{"i":{"x":[0.667],"y":[1]},"o":{"x":[0.333],"y":[0]},"t":72,"s":[100]},{"i":{"x":[0.667],"y":[1]},"o":{"x":[0.333],"y":[0]},"t":84,"s":[95]},{"i":{"x":[0.667],"y":[1]},"o":{"x":[0.333],"y":[0]},"t":96,"s":[100]},{"i":{"x":[0.667],"y":[1]},"o":{"x":[0.333],"y":[0]},"t":108,"s":[100]},{"i":{"x":[0.667],"y":[1]},"o":{"x":[0.333],"y":[0]},"t":120,"s":[95]},{"i":{"x":[0.667],"y":[1]},"o":{"x":[0.333],"y":[0]},"t":132,"s":[100]},{"i":{"x":[0.667],"y":[1]},"o":{"x":[0.333],"y":[0]},"t":144,"s":[95]},{"i":{"x":[0.667],"y":[1]},"o":{"x":[0.333],"y":[0]},"t":156,"s":[100]},{"i":{"x":[0.833],"y":[1]},"o":{"x":[0.167],"y":[0]},"t":168,"s":[95]},{"t":180,"s":[100]}]},"o":{"a":0,"k":0},"m":1,"nm":"Trim Paths 1","hd":false}],"ip":-14,"op":234,"st":10,"bm":0},{"ddd":0,"ind":27,"ty":4,"nm":"body_bl11","parent":30,"sr":1,"ks":{"r":{"a":0,"k":11.886},"p":{"a":0,"k":[212.366,114.309,0]},"a":{"a":0,"k":[35.689,48.14,0]},"s":{"a":0,"k":[107.905,99.334,100]}},"ao":0,"shapes":[{"ty":"gr","it":[{"ind":0,"ty":"sh","ks":{"a":1,"k":[{"i":{"x":0.833,"y":0.861},"o":{"x":0.167,"y":0.139},"t":24,"s":[{"i":[[0,0],[7.006,7.144]],"o":[[-6.129,-17.779],[-10.696,-10.907]],"v":[[-74.711,-88.581],[-92.906,-120.062]],"c":false}]},{"i":{"x":0.833,"y":0.861},"o":{"x":0.167,"y":0.139},"t":33.6,"s":[{"i":[[0,0],[9.899,7.943]],"o":[[4.3,-7.374],[-11.915,-9.561]],"v":[[-79.29,-102.406],[-96.403,-129.439]],"c":false}]},{"i":{"x":0.833,"y":0.861},"o":{"x":0.167,"y":0.139},"t":45.6,"s":[{"i":[[0,0],[9.899,7.943]],"o":[[4.3,-7.374],[-11.915,-9.561]],"v":[[-92.319,-100.021],[-104.747,-126.166]],"c":false}]},{"i":{"x":0.833,"y":0.861},"o":{"x":0.167,"y":0.139},"t":58.801,"s":[{"i":[[0,0],[10.552,3.25]],"o":[[4.3,-7.374],[-14.6,-4.496]],"v":[[-82.548,-107.497],[-102.345,-131.971]],"c":false}]},{"i":{"x":0.833,"y":0.861},"o":{"x":0.167,"y":0.139},"t":70.801,"s":[{"i":[[0,0],[9.899,7.943]],"o":[[4.3,-7.374],[-11.915,-9.561]],"v":[[-92.319,-100.021],[-104.747,-126.166]],"c":false}]},{"i":{"x":0.32,"y":1},"o":{"x":0.167,"y":0.139},"t":84,"s":[{"i":[[0,0],[9.899,7.943]],"o":[[0.453,-9.476],[-11.915,-9.561]],"v":[[-88.166,-93.254],[-104.747,-126.166]],"c":false}]},{"i":{"x":0.242,"y":1},"o":{"x":0.68,"y":0},"t":106.801,"s":[{"i":[[0,0],[11.216,3.382]],"o":[[-6.755,-5.899],[-14.626,-4.41]],"v":[[-64.303,-128.448],[-93.254,-145.032]],"c":false}]},{"i":{"x":0.833,"y":0.861},"o":{"x":0.167,"y":0},"t":123.6,"s":[{"i":[[0,0],[12.698,7.406]],"o":[[-6.932,-9.234],[-13.196,-7.696]],"v":[[-83.33,-115.896],[-117.283,-145.851]],"c":false}]},{"t":144,"s":[{"i":[[0,0],[7.006,7.144]],"o":[[-6.129,-17.779],[-10.696,-10.907]],"v":[[-74.711,-88.581],[-92.906,-120.062]],"c":false}]}]},"nm":"Path 1","hd":false},{"ty":"st","c":{"a":0,"k":[1,1,1,1]},"o":{"a":0,"k":100},"w":{"a":0,"k":8},"lc":2,"lj":2,"bm":0,"nm":"Stroke 1","hd":false},{"ty":"tr","p":{"a":0,"k":[35.688,48.14]},"a":{"a":0,"k":[0,0]},"s":{"a":0,"k":[100,100]},"r":{"a":0,"k":0},"o":{"a":0,"k":100},"sk":{"a":0,"k":0},"sa":{"a":0,"k":0},"nm":"Transform"}],"nm":"Group 1","bm":0,"hd":false},{"ty":"tm","s":{"a":1,"k":[{"i":{"x":[0.667],"y":[1]},"o":{"x":[0.333],"y":[0]},"t":0,"s":[5]},{"i":{"x":[0.667],"y":[1]},"o":{"x":[0.333],"y":[0]},"t":12,"s":[0]},{"i":{"x":[0.667],"y":[1]},"o":{"x":[0.333],"y":[0]},"t":24,"s":[5]},{"i":{"x":[0.667],"y":[1]},"o":{"x":[0.333],"y":[0]},"t":36,"s":[0]},{"i":{"x":[0.667],"y":[1]},"o":{"x":[0.333],"y":[0]},"t":48,"s":[5]},{"i":{"x":[0.667],"y":[1]},"o":{"x":[0.333],"y":[0]},"t":60,"s":[0]},{"i":{"x":[0.667],"y":[1]},"o":{"x":[0.333],"y":[0]},"t":72,"s":[5]},{"i":{"x":[0.667],"y":[1]},"o":{"x":[0.333],"y":[0]},"t":84,"s":[0]},{"i":{"x":[0.667],"y":[1]},"o":{"x":[0.333],"y":[0]},"t":96,"s":[5]},{"i":{"x":[0.667],"y":[1]},"o":{"x":[0.333],"y":[0]},"t":108,"s":[5]},{"i":{"x":[0.667],"y":[1]},"o":{"x":[0.333],"y":[0]},"t":120,"s":[0]},{"i":{"x":[0.667],"y":[1]},"o":{"x":[0.333],"y":[0]},"t":132,"s":[5]},{"i":{"x":[0.667],"y":[1]},"o":{"x":[0.333],"y":[0]},"t":144,"s":[0]},{"i":{"x":[0.667],"y":[1]},"o":{"x":[0.333],"y":[0]},"t":156,"s":[5]},{"i":{"x":[0.833],"y":[1]},"o":{"x":[0.167],"y":[0]},"t":168,"s":[0]},{"t":180,"s":[5]}]},"e":{"a":1,"k":[{"i":{"x":[0.667],"y":[1]},"o":{"x":[0.333],"y":[0]},"t":0,"s":[100]},{"i":{"x":[0.667],"y":[1]},"o":{"x":[0.333],"y":[0]},"t":12,"s":[95]},{"i":{"x":[0.667],"y":[1]},"o":{"x":[0.333],"y":[0]},"t":24,"s":[100]},{"i":{"x":[0.667],"y":[1]},"o":{"x":[0.333],"y":[0]},"t":36,"s":[95]},{"i":{"x":[0.667],"y":[1]},"o":{"x":[0.333],"y":[0]},"t":48,"s":[100]},{"i":{"x":[0.667],"y":[1]},"o":{"x":[0.333],"y":[0]},"t":60,"s":[95]},{"i":{"x":[0.667],"y":[1]},"o":{"x":[0.333],"y":[0]},"t":72,"s":[100]},{"i":{"x":[0.667],"y":[1]},"o":{"x":[0.333],"y":[0]},"t":84,"s":[95]},{"i":{"x":[0.667],"y":[1]},"o":{"x":[0.333],"y":[0]},"t":96,"s":[100]},{"i":{"x":[0.667],"y":[1]},"o":{"x":[0.333],"y":[0]},"t":108,"s":[100]},{"i":{"x":[0.667],"y":[1]},"o":{"x":[0.333],"y":[0]},"t":120,"s":[95]},{"i":{"x":[0.667],"y":[1]},"o":{"x":[0.333],"y":[0]},"t":132,"s":[100]},{"i":{"x":[0.667],"y":[1]},"o":{"x":[0.333],"y":[0]},"t":144,"s":[95]},{"i":{"x":[0.667],"y":[1]},"o":{"x":[0.333],"y":[0]},"t":156,"s":[100]},{"i":{"x":[0.833],"y":[1]},"o":{"x":[0.167],"y":[0]},"t":168,"s":[95]},{"t":180,"s":[100]}]},"o":{"a":0,"k":0},"m":1,"nm":"Trim Paths 1","hd":false}],"ip":-14,"op":234,"st":10,"bm":0},{"ddd":0,"ind":28,"ty":4,"nm":"wing_l 3","parent":30,"sr":1,"ks":{"r":{"a":0,"k":221.231},"p":{"a":0,"k":[150.822,-100.157,0]},"a":{"a":0,"k":[-53.784,39.681,0]},"s":{"a":0,"k":[-100,100,100]}},"ao":0,"shapes":[{"ty":"gr","it":[{"ind":0,"ty":"sh","ks":{"a":1,"k":[{"i":{"x":0.833,"y":0.861},"o":{"x":0.167,"y":0.139},"t":24,"s":[{"i":[[-23.457,-7.148],[-22.754,26.854],[19.036,-10.826],[18.067,-2.103]],"o":[[21.285,3.702],[16.413,-19.37],[-11.746,6.681],[-6.609,3.031]],"v":[[-63.508,-13.868],[29.935,-41.176],[15.17,-55.563],[-19.727,-42.859]],"c":false}]},{"i":{"x":0.833,"y":0.861},"o":{"x":0.167,"y":0.139},"t":33.6,"s":[{"i":[[-23.609,-6.673],[29.702,22.482],[-0.331,-14.537],[8.328,-5.943]],"o":[[70.435,9.748],[-20.42,-15.457],[0.104,4.565],[-6.117,5.216]],"v":[[-44.159,-11.638],[10.923,-59.698],[-9.043,-46.631],[-16.753,-30.913]],"c":false}]},{"i":{"x":0.833,"y":0.861},"o":{"x":0.167,"y":0.139},"t":45.6,"s":[{"i":[[-23.545,-6.873],[44.905,50.064],[1.492,-12.509],[-1.274,-10.936]],"o":[[64.835,9.584],[-14.992,-14.667],[-1.381,3.77],[-6.324,4.297]],"v":[[-57.95,-15.994],[-11.413,-91.476],[-29.282,-82.139],[-29.944,-59.799]],"c":false}]},{"i":{"x":0.833,"y":0.861},"o":{"x":0.167,"y":0.139},"t":58.801,"s":[{"i":[[-23.573,-6.784],[37.368,33.984],[0.687,-13.405],[-2.946,-12.104]],"o":[[96.049,20.727],[-17.39,-15.016],[-0.725,4.121],[-6.232,4.703]],"v":[[-63.535,-12.861],[-8.025,-73.402],[-26.821,-62.416],[-23.461,-37.707]],"c":false}]},{"i":{"x":0.833,"y":0.861},"o":{"x":0.167,"y":0.139},"t":70.801,"s":[{"i":[[-23.545,-6.873],[44.905,50.064],[1.492,-12.509],[-1.274,-10.936]],"o":[[64.835,9.584],[-14.992,-14.667],[-1.381,3.77],[-6.324,4.297]],"v":[[-57.95,-15.994],[-11.413,-91.476],[-29.282,-82.139],[-29.944,-59.799]],"c":false}]},{"i":{"x":0.32,"y":1},"o":{"x":0.167,"y":0.139},"t":84,"s":[{"i":[[-23.457,-7.148],[-1.523,40.505],[12.112,-18.245],[18.067,-2.103]],"o":[[57.118,9.358],[0.954,-25.371],[-8.596,12.948],[-6.609,3.031]],"v":[[-58.961,-15.758],[28.638,-75.011],[4.938,-77.605],[-30.633,-53.883]],"c":false}]},{"i":{"x":0.242,"y":1},"o":{"x":0.68,"y":0},"t":106.801,"s":[{"i":[[-15.388,-19.113],[-25.503,8.777],[15.088,2.613],[8.643,8.124]],"o":[[24.948,30.988],[25.503,-8.777],[-12.455,-2.157],[-6.026,-5.665]],"v":[[-63.425,-14.716],[27.783,2.232],[25.557,-16.257],[-14.594,-36.762]],"c":false}]},{"i":{"x":0.833,"y":0.861},"o":{"x":0.167,"y":0},"t":123.6,"s":[{"i":[[-23.069,-8.363],[-25.503,8.777],[15.088,2.613],[13.333,4.954]],"o":[[23.069,8.363],[25.503,-8.777],[-12.455,-2.157],[-7.753,-2.88]],"v":[[-68.398,-8.276],[10.067,-16.581],[7.841,-35.069],[-26.066,-45.628]],"c":false}]},{"t":144,"s":[{"i":[[-23.457,-7.148],[-22.754,26.854],[19.036,-10.826],[18.067,-2.103]],"o":[[21.285,3.702],[16.413,-19.37],[-11.746,6.681],[-6.609,3.031]],"v":[[-63.508,-13.868],[29.935,-41.176],[15.17,-55.563],[-19.727,-42.859]],"c":false}]}]},"nm":"Path 1","hd":false},{"ty":"st","c":{"a":0,"k":[0.980392156863,0.564705882353,0.086274509804,1]},"o":{"a":0,"k":100},"w":{"a":0,"k":10.204},"lc":2,"lj":2,"bm":0,"nm":"Stroke 1","hd":false},{"ty":"fl","c":{"a":0,"k":[0.99609375,0.84765625,0.12890625,1]},"o":{"a":0,"k":100},"r":1,"bm":0,"nm":"Fill 1","hd":false},{"ty":"tr","p":{"a":0,"k":[0,0]},"a":{"a":0,"k":[0,0]},"s":{"a":0,"k":[100,100]},"r":{"a":0,"k":0},"o":{"a":0,"k":100},"sk":{"a":0,"k":0},"sa":{"a":0,"k":0},"nm":"Transform"}],"nm":"Group 1","bm":0,"hd":false}],"ip":-14,"op":190,"st":10,"bm":0},{"ddd":0,"ind":29,"ty":4,"nm":"body_bl2","parent":30,"sr":1,"ks":{"r":{"a":0,"k":11.886},"p":{"a":0,"k":[212.366,114.309,0]},"a":{"a":0,"k":[35.689,48.14,0]},"s":{"a":0,"k":[107.905,99.334,100]}},"ao":0,"shapes":[{"ty":"gr","it":[{"ind":0,"ty":"sh","ks":{"a":1,"k":[{"i":{"x":0.32,"y":1},"o":{"x":0.333,"y":0},"t":84,"s":[{"i":[[0,0],[1.852,8.938]],"o":[[1.929,-3.944],[-3.275,-15.806]],"v":[[-81.705,-39.144],[-81.956,-59.657]],"c":false}]},{"i":{"x":0.667,"y":1},"o":{"x":0.68,"y":0},"t":106.801,"s":[{"i":[[0,0],[9.073,25.31]],"o":[[1.929,-3.944],[-9.073,-25.31]],"v":[[-56.999,-38.53],[-64.661,-82.877]],"c":false}]},{"i":{"x":0.242,"y":1},"o":{"x":0.333,"y":0},"t":123.6,"s":[{"i":[[0,0],[3.044,7.71]],"o":[[1.146,-4.131],[-5.383,-13.633]],"v":[[-107.112,-68.129],[-106.562,-91.807]],"c":false}]},{"t":144,"s":[{"i":[[0,0],[1.852,8.938]],"o":[[1.929,-3.944],[-3.275,-15.806]],"v":[[-81.705,-39.144],[-81.956,-59.657]],"c":false}]}]},"nm":"Path 1","hd":false},{"ty":"st","c":{"a":0,"k":[1,1,1,1]},"o":{"a":0,"k":100},"w":{"a":0,"k":8},"lc":2,"lj":2,"bm":0,"nm":"Stroke 1","hd":false},{"ty":"tr","p":{"a":0,"k":[35.688,48.14]},"a":{"a":0,"k":[0,0]},"s":{"a":0,"k":[100,100]},"r":{"a":0,"k":0},"o":{"a":0,"k":100},"sk":{"a":0,"k":0},"sa":{"a":0,"k":0},"nm":"Transform"}],"nm":"Group 1","bm":0,"hd":false},{"ty":"tm","s":{"a":1,"k":[{"i":{"x":[0.667],"y":[1]},"o":{"x":[0.333],"y":[0]},"t":0,"s":[5]},{"i":{"x":[0.667],"y":[1]},"o":{"x":[0.333],"y":[0]},"t":12,"s":[0]},{"i":{"x":[0.667],"y":[1]},"o":{"x":[0.333],"y":[0]},"t":24,"s":[5]},{"i":{"x":[0.667],"y":[1]},"o":{"x":[0.333],"y":[0]},"t":36,"s":[0]},{"i":{"x":[0.667],"y":[1]},"o":{"x":[0.333],"y":[0]},"t":48,"s":[5]},{"i":{"x":[0.667],"y":[1]},"o":{"x":[0.333],"y":[0]},"t":60,"s":[0]},{"i":{"x":[0.667],"y":[1]},"o":{"x":[0.333],"y":[0]},"t":72,"s":[5]},{"i":{"x":[0.667],"y":[1]},"o":{"x":[0.333],"y":[0]},"t":84,"s":[0]},{"i":{"x":[0.667],"y":[1]},"o":{"x":[0.333],"y":[0]},"t":96,"s":[5]},{"i":{"x":[0.667],"y":[1]},"o":{"x":[0.333],"y":[0]},"t":108,"s":[5]},{"i":{"x":[0.667],"y":[1]},"o":{"x":[0.333],"y":[0]},"t":120,"s":[0]},{"i":{"x":[0.667],"y":[1]},"o":{"x":[0.333],"y":[0]},"t":132,"s":[5]},{"i":{"x":[0.667],"y":[1]},"o":{"x":[0.333],"y":[0]},"t":144,"s":[0]},{"i":{"x":[0.667],"y":[1]},"o":{"x":[0.333],"y":[0]},"t":156,"s":[5]},{"i":{"x":[0.833],"y":[1]},"o":{"x":[0.167],"y":[0]},"t":168,"s":[0]},{"t":180,"s":[5]}]},"e":{"a":1,"k":[{"i":{"x":[0.667],"y":[1]},"o":{"x":[0.333],"y":[0]},"t":0,"s":[100]},{"i":{"x":[0.667],"y":[1]},"o":{"x":[0.333],"y":[0]},"t":12,"s":[95]},{"i":{"x":[0.667],"y":[1]},"o":{"x":[0.333],"y":[0]},"t":24,"s":[100]},{"i":{"x":[0.667],"y":[1]},"o":{"x":[0.333],"y":[0]},"t":36,"s":[95]},{"i":{"x":[0.667],"y":[1]},"o":{"x":[0.333],"y":[0]},"t":48,"s":[100]},{"i":{"x":[0.667],"y":[1]},"o":{"x":[0.333],"y":[0]},"t":60,"s":[95]},{"i":{"x":[0.667],"y":[1]},"o":{"x":[0.333],"y":[0]},"t":72,"s":[100]},{"i":{"x":[0.667],"y":[1]},"o":{"x":[0.333],"y":[0]},"t":84,"s":[95]},{"i":{"x":[0.667],"y":[1]},"o":{"x":[0.333],"y":[0]},"t":96,"s":[100]},{"i":{"x":[0.667],"y":[1]},"o":{"x":[0.333],"y":[0]},"t":108,"s":[100]},{"i":{"x":[0.667],"y":[1]},"o":{"x":[0.333],"y":[0]},"t":120,"s":[95]},{"i":{"x":[0.667],"y":[1]},"o":{"x":[0.333],"y":[0]},"t":132,"s":[100]},{"i":{"x":[0.667],"y":[1]},"o":{"x":[0.333],"y":[0]},"t":144,"s":[95]},{"i":{"x":[0.667],"y":[1]},"o":{"x":[0.333],"y":[0]},"t":156,"s":[100]},{"i":{"x":[0.833],"y":[1]},"o":{"x":[0.167],"y":[0]},"t":168,"s":[95]},{"t":180,"s":[100]}]},"o":{"a":0,"k":0},"m":1,"nm":"Trim Paths 1","hd":false}],"ip":-14,"op":234,"st":10,"bm":0},{"ddd":0,"ind":30,"ty":4,"nm":"body","parent":2,"sr":1,"ks":{"r":{"a":1,"k":[{"i":{"x":[0.32],"y":[1]},"o":{"x":[0.333],"y":[0]},"t":87.6,"s":[0]},{"i":{"x":[0.667],"y":[1]},"o":{"x":[0.68],"y":[0]},"t":106.801,"s":[-13.106]},{"i":{"x":[0.242],"y":[1]},"o":{"x":[0.333],"y":[0]},"t":123.6,"s":[17]},{"t":144,"s":[0]}]},"p":{"a":0,"k":[60,60,0]},"a":{"a":0,"k":[-11.687,104.45,0]},"s":{"a":1,"k":[{"i":{"x":[0.667,0.667,0.667],"y":[1,1,1]},"o":{"x":[0.94,0.94,0.94],"y":[0,0,0]},"t":28.801,"s":[100,100,100]},{"i":{"x":[0.06,0.06,0.06],"y":[1,1,1]},"o":{"x":[0.333,0.333,0.333],"y":[0,0,0]},"t":52.801,"s":[102,98,100]},{"t":75.599609375,"s":[100,100,100]}]}},"ao":0,"shapes":[{"ty":"gr","it":[{"ind":0,"ty":"sh","ks":{"a":1,"k":[{"i":{"x":0.32,"y":1},"o":{"x":0.333,"y":0},"t":87.6,"s":[{"i":[[81.551,0],[-8.65,76.792],[-102.687,-2.591],[-14.179,-101.351]],"o":[[-63.857,0],[8.414,-74.697],[81.989,2.069],[4.744,61.138]],"v":[[-16.245,104.45],[-179.669,25.82],[-3.945,-104.294],[156.481,34.495]],"c":true}]},{"i":{"x":0.833,"y":0.861},"o":{"x":0.68,"y":0},"t":106.801,"s":[{"i":[[130.2,29.258],[7.78,44.444],[-102.687,-2.591],[-14.179,-101.351]],"o":[[-62.303,-14],[-14.915,-85.2],[81.989,2.069],[4.744,61.138]],"v":[[32.452,115.788],[-140.248,34.998],[-3.945,-104.294],[177.351,39.354]],"c":true}]},{"i":{"x":0.667,"y":1},"o":{"x":0.167,"y":0.139},"t":115.199,"s":[{"i":[[129.786,7.465],[6.218,60.204],[-102.687,-2.591],[-0.674,-103.438]],"o":[[-114.64,-6.594],[-11.227,-82.423],[81.989,2.069],[1.272,51.022]],"v":[[17.212,113.138],[-148.339,31.733],[-3.945,-104.294],[163.959,36.04]],"c":true}]},{"i":{"x":0.242,"y":1},"o":{"x":0.333,"y":0},"t":123.6,"s":[{"i":[[95.48,-26.589],[2.127,101.458],[-102.687,-2.591],[34.675,-108.902]],"o":[[-116.528,32.45],[-1.576,-75.153],[81.989,2.069],[-7.815,24.545]],"v":[[-22.681,106.202],[-169.52,23.186],[-3.944,-104.294],[128.906,27.366]],"c":true}]},{"t":144,"s":[{"i":[[81.551,0],[-8.65,76.792],[-102.687,-2.591],[-14.179,-101.351]],"o":[[-63.857,0],[8.414,-74.697],[81.989,2.069],[4.744,61.138]],"v":[[-16.245,104.45],[-179.669,25.82],[-3.945,-104.294],[156.481,34.495]],"c":true}]}]},"nm":"Path 1","hd":false},{"ty":"st","c":{"a":0,"k":[0.980392216701,0.564705882353,0.086274509804,1]},"o":{"a":0,"k":100},"w":{"a":0,"k":10},"lc":2,"lj":2,"bm":0,"nm":"Stroke 1","hd":false},{"ty":"fl","c":{"a":0,"k":[0.99609375,0.84765625,0.12890625,1]},"o":{"a":0,"k":100},"r":1,"bm":0,"nm":"Fill 1","hd":false},{"ty":"tr","p":{"a":0,"k":[0,0]},"a":{"a":0,"k":[0,0]},"s":{"a":0,"k":[100,100]},"r":{"a":0,"k":0},"o":{"a":0,"k":100},"sk":{"a":0,"k":0},"sa":{"a":0,"k":0},"nm":"Transform"}],"nm":"Group 1","bm":0,"hd":false}],"ip":-14,"op":190,"st":10,"bm":0},{"ddd":0,"ind":31,"ty":3,"nm":"NULL CONTROL","sr":1,"ks":{"o":{"a":0,"k":0},"p":{"a":0,"k":[246,301,0]},"a":{"a":0,"k":[60,60,0]}},"ao":0,"ip":0,"op":188,"st":0,"bm":0},{"ddd":0,"ind":32,"ty":0,"nm":"water1 Comp 1","parent":31,"refId":"comp_1","sr":1,"ks":{"p":{"a":0,"k":[50,60,0]},"a":{"a":0,"k":[256,256,0]},"s":{"a":0,"k":[105,85,100]}},"ao":0,"w":512,"h":512,"ip":-20,"op":65,"st":-55,"bm":0},{"ddd":0,"ind":33,"ty":0,"nm":"water1 Comp 1","parent":31,"refId":"comp_1","sr":1,"ks":{"p":{"a":0,"k":[85,60,0]},"a":{"a":0,"k":[256,256,0]},"s":{"a":0,"k":[105,85,100]}},"ao":0,"w":512,"h":512,"ip":-30,"op":24,"st":-96,"bm":0},{"ddd":0,"ind":34,"ty":0,"nm":"water1 Comp 1","parent":31,"refId":"comp_1","sr":1,"ks":{"p":{"a":0,"k":[50,60,0]},"a":{"a":0,"k":[256,256,0]},"s":{"a":0,"k":[105,85,100]}},"ao":0,"w":512,"h":512,"ip":125,"op":180,"st":125,"bm":0},{"ddd":0,"ind":35,"ty":0,"nm":"water1 Comp 1","parent":31,"refId":"comp_1","sr":1,"ks":{"p":{"a":0,"k":[85,60,0]},"a":{"a":0,"k":[256,256,0]},"s":{"a":0,"k":[105,85,100]}},"ao":0,"w":512,"h":512,"ip":84,"op":194,"st":84,"bm":0},{"ddd":0,"ind":36,"ty":0,"nm":"water1 Comp 1","parent":31,"refId":"comp_1","sr":1,"ks":{"p":{"a":0,"k":[50,60,0]},"a":{"a":0,"k":[256,256,0]},"s":{"a":0,"k":[105,85,100]}},"ao":0,"w":512,"h":512,"ip":16,"op":136,"st":16,"bm":0}]},{"id":"comp_1","layers":[{"ddd":0,"ind":1,"ty":4,"nm":"water1","sr":1,"ks":{"p":{"a":1,"k":[{"i":{"x":0.833,"y":0.833},"o":{"x":0.167,"y":0.167},"t":0,"s":[257.634,431.728,0],"to":[0,0.5,0],"ti":[0,-0.5,0]},{"t":70,"s":[257.634,434.728,0]}]},"a":{"a":0,"k":[176.495,64.82,0]},"s":{"a":1,"k":[{"i":{"x":[0.649,0.649,0.649],"y":[0.878,0.878,-3.532]},"o":{"x":[0.312,0.312,0.312],"y":[0,0,0]},"t":0,"s":[66,66,100]},{"i":{"x":[0.833,0.833,0.833],"y":[0.833,0.833,-6.857]},"o":{"x":[0.38,0.38,0.38],"y":[0.149,0.149,7.017]},"t":28.822,"s":[103.083,103.083,100]},{"t":70,"s":[150.226,150.226,100]}]}},"ao":0,"shapes":[{"ty":"gr","it":[{"ind":0,"ty":"sh","ks":{"a":0,"k":{"i":[[0,-21.992],[83.668,0],[0,21.992],[-83.668,0]],"o":[[0,21.992],[-83.668,0],[0,-21.992],[83.668,0]],"v":[[151.495,0],[0.001,39.82],[-151.494,0],[0.001,-39.82]],"c":true}},"nm":"Path 1","hd":false},{"ty":"st","c":{"a":0,"k":[0.014981626997,0.706667133406,1,1]},"o":{"a":0,"k":100},"w":{"a":1,"k":[{"i":{"x":[0.649],"y":[1.119]},"o":{"x":[0.302],"y":[0]},"t":0,"s":[0]},{"i":{"x":[0.833],"y":[0.833]},"o":{"x":[0.407],"y":[0.645]},"t":12.352,"s":[8.324]},{"t":70,"s":[0]}]},"lc":2,"lj":2,"bm":0,"nm":"Stroke 1","hd":false},{"ty":"tr","p":{"a":0,"k":[176.495,64.82]},"a":{"a":0,"k":[0,0]},"s":{"a":0,"k":[100,100]},"r":{"a":0,"k":0},"o":{"a":0,"k":100},"sk":{"a":0,"k":0},"sa":{"a":0,"k":0},"nm":"Transform"}],"nm":"Group 1","bm":0,"hd":false}],"ip":0,"op":110,"st":-5,"bm":0}]}],"layers":[{"ddd":0,"ind":1,"ty":0,"nm":"_009_SIMP_4sec","refId":"comp_0","sr":1,"ks":{"p":{"a":0,"k":[256,256,0]},"a":{"a":0,"k":[256,256,0]}},"ao":0,"w":512,"h":512,"ip":0,"op":84,"st":-96,"bm":0},{"ddd":0,"ind":2,"ty":0,"nm":"_009_SIMP_4sec","refId":"comp_0","sr":1,"ks":{"p":{"a":0,"k":[256,256,0]},"a":{"a":0,"k":[256,256,0]}},"ao":0,"w":512,"h":512,"ip":84,"op":180,"st":84,"bm":0}]}